date,latitude,longitude,brightness,confidence,frp
01-01-2023,22.63,88.5,380.9361155,95,6.497068613
16-01-2023,22.63,88.5,381.0113395,88,28.00458487
31-01-2023,22.63,88.5,386.7072319,76,39.03659266
15-02-2023,22.63,88.5,391.3240553,76,35.42448487
03-02-2023,22.63,88.5,351.1342399,51,8.604461465
17-03-2023,22.63,88.5,350.1516295,90,48.62099995
04-01-2023,22.63,88.5,379.8295179,97,22.44068229
16-04-2023,22.63,88.5,364.9963931,62,7.951250187
05-01-2023,22.63,88.5,370.1966877,58,9.009787706
31-05-2023,22.63,88.5,379.5792669,85,4.911749609
13-10-2023,22.63,88.5,389.0005342,71,40.17590542
28-10-2023,22.63,88.5,333.7995157,91,6.101524716
11-12-2023,22.63,88.5,337.5582953,75,6.256262857
27-11-2023,22.63,88.5,309.398194,61,42.52358074
12-12-2023,22.63,88.5,357.8280141,66,17.23020422
27-12-2023,22.63,88.5,303.5942274,63,1.542895215
16-01-2023,25.38,83.02,346.5598018,63,2.594764976
31-01-2023,25.38,83.02,354.2644635,83,7.108522335
15-02-2023,25.38,83.02,328.6541252,69,10.6696674
03-02-2023,25.38,83.02,359.0833261,60,33.25730971
17-03-2023,25.38,83.02,303.050025,65,7.866314
04-01-2023,25.38,83.02,303.7348189,80,5.943719559
16-04-2023,25.38,83.02,382.2600561,55,38.23595707
05-01-2023,25.38,83.02,336.0190641,68,33.55276419
16-05-2023,25.38,83.02,312.7060513,86,21.76621107
31-05-2023,25.38,83.02,352.224326,53,27.46548857
15-06-2023,25.38,83.02,376.9993553,96,15.59920102
29-08-2023,25.38,83.02,321.5821027,53,24.12502101
28-09-2023,25.38,83.02,362.2890476,69,25.33363245
13-10-2023,25.38,83.02,308.5347465,59,19.36186356
28-10-2023,25.38,83.02,305.1681721,73,45.32861053
11-12-2023,25.38,83.02,353.1354632,84,0.803093249
27-11-2023,25.38,83.02,354.0635122,75,39.10856315
12-12-2023,25.38,83.02,363.7429901,86,6.219141562
27-12-2023,25.38,83.02,372.6091334,87,39.87736803
31-01-2023,30.87,76.71,397.5852079,70,30.79559578
15-02-2023,30.87,76.71,351.6300348,89,42.16390455
03-02-2023,30.87,76.71,332.2956473,88,4.875716282
17-03-2023,30.87,76.71,379.5186195,70,27.9490317
04-01-2023,30.87,76.71,327.0832251,59,25.05439401
16-04-2023,30.87,76.71,343.8971421,87,35.30965915
05-01-2023,30.87,76.71,307.8456381,95,26.71452759
16-05-2023,30.87,76.71,302.5350743,53,27.03672836
31-05-2023,30.87,76.71,396.2648415,94,21.47979718
15-06-2023,30.87,76.71,383.5980121,69,15.4417212
29-08-2023,30.87,76.71,369.5974206,66,24.11321806
13-09-2023,30.87,76.71,340.8952944,56,5.924617938
28-09-2023,30.87,76.71,317.329432,53,48.07566695
13-10-2023,30.87,76.71,315.6437043,78,35.72053818
28-10-2023,30.87,76.71,325.0242898,63,47.62335583
11-12-2023,30.87,76.71,354.9226665,52,11.33636912
27-11-2023,30.87,76.71,371.4595923,73,43.96705101
12-12-2023,30.87,76.71,366.0197377,86,40.43949923
27-12-2023,30.87,76.71,327.9933897,65,33.85762062
16-01-2023,26.84,81.07,395.4865281,53,31.2514593
31-01-2023,26.84,81.07,373.7896917,73,15.82748326
15-02-2023,26.84,81.07,355.4354053,83,40.82053925
03-02-2023,26.84,81.07,361.1720746,79,25.07577307
17-03-2023,26.84,81.07,341.9600062,67,3.544578795
04-01-2023,26.84,81.07,324.773099,68,15.64315804
16-04-2023,26.84,81.07,335.5972679,80,46.76485493
05-01-2023,26.84,81.07,375.784611,68,42.53401303
16-05-2023,26.84,81.07,301.4393489,98,49.0952849
31-05-2023,26.84,81.07,311.6072641,95,31.39966913
15-06-2023,26.84,81.07,304.6002642,68,12.37550366
29-08-2023,26.84,81.07,304.0728802,71,8.140752484
28-09-2023,26.84,81.07,385.5460584,73,9.34572203
13-10-2023,26.84,81.07,370.3657859,94,0.989782917
28-10-2023,26.84,81.07,347.4173829,61,19.53410555
11-12-2023,26.84,81.07,309.7834161,79,9.571384025
27-11-2023,26.84,81.07,349.1615875,87,20.58277302
12-12-2023,26.84,81.07,347.3471771,80,46.74972159
27-12-2023,26.84,81.07,317.320187,85,21.52701048
16-01-2023,30.7,76.52,343.3851649,68,43.89922485
31-01-2023,30.7,76.52,339.8504734,97,30.27523833
15-02-2023,30.7,76.52,361.5850098,94,12.35657773
03-02-2023,30.7,76.52,363.5093651,85,17.79273796
17-03-2023,30.7,76.52,304.530401,79,4.195976791
04-01-2023,30.7,76.52,337.4612615,98,16.67312968
16-04-2023,30.7,76.52,362.5859916,82,33.87704728
05-01-2023,30.7,76.52,350.3136259,67,3.605554646
16-05-2023,30.7,76.52,385.6489841,98,10.27007042
31-05-2023,30.7,76.52,365.8693632,77,19.07205207
15-06-2023,30.7,76.52,316.2934427,96,49.10247685
30-06-2023,30.7,76.52,307.0568747,60,39.24309115
15-07-2023,30.7,76.52,364.2419278,94,36.67433732
14-08-2023,30.7,76.52,302.6511311,82,5.809547826
29-08-2023,30.7,76.52,358.5775581,66,39.04979468
13-09-2023,30.7,76.52,394.0230241,55,39.26344058
28-09-2023,30.7,76.52,357.5474178,53,30.05513478
13-10-2023,30.7,76.52,338.8169926,69,49.5180891
28-10-2023,30.7,76.52,364.3288218,97,16.2626953
11-12-2023,30.7,76.52,345.825289,96,47.06362241
27-11-2023,30.7,76.52,354.5616789,76,45.73655575
12-12-2023,30.7,76.52,394.1464809,64,0.574032987
27-12-2023,30.7,76.52,338.6102638,55,22.50582632
31-01-2023,29.22,76.2,396.1190564,96,48.85521165
15-02-2023,29.22,76.2,390.5350642,63,5.15606812
03-02-2023,29.22,76.2,319.5791135,60,27.38923472
17-03-2023,29.22,76.2,306.9361301,88,48.94787535
04-01-2023,29.22,76.2,310.0778001,58,27.77477121
16-04-2023,29.22,76.2,301.8221826,75,9.490765149
05-01-2023,29.22,76.2,309.4442961,65,29.1091615
16-05-2023,29.22,76.2,368.3006773,54,10.2220287
31-05-2023,29.22,76.2,307.1188648,59,25.98521314
15-06-2023,29.22,76.2,331.897563,99,3.702110896
30-06-2023,29.22,76.2,384.4875311,52,30.27413346
14-08-2023,29.22,76.2,302.3271936,62,25.83949696
29-08-2023,29.22,76.2,381.4468483,92,37.00806844
13-09-2023,29.22,76.2,328.1854775,98,31.53502356
28-09-2023,29.22,76.2,311.8164828,79,27.48031343
13-10-2023,29.22,76.2,369.6737165,94,34.48894246
28-10-2023,29.22,76.2,362.8942847,55,7.197095679
11-12-2023,29.22,76.2,387.7472014,66,29.76798306
27-11-2023,29.22,76.2,373.5071044,94,8.605530141
12-12-2023,29.22,76.2,380.348093,68,46.27611039
27-12-2023,29.22,76.2,328.2034573,91,3.416705242
01-01-2023,23.55,77.36,317.7439544,84,21.51873748
16-01-2023,23.55,77.36,375.0614752,95,34.78987388
31-01-2023,23.55,77.36,380.6834739,75,22.90111058
15-02-2023,23.55,77.36,399.0505142,54,4.604762662
03-02-2023,23.55,77.36,341.2617677,78,27.66895081
17-03-2023,23.55,77.36,337.2018086,86,32.08159544
04-01-2023,23.55,77.36,377.6412961,69,35.18961555
16-04-2023,23.55,77.36,334.080354,98,18.66299072
05-01-2023,23.55,77.36,393.0757326,70,28.18299855
16-05-2023,23.55,77.36,385.8412752,59,22.53432375
31-05-2023,23.55,77.36,342.8994027,54,33.60280194
15-06-2023,23.55,77.36,375.0871068,85,29.17784837
29-08-2023,23.55,77.36,375.4542874,55,26.28781098
13-09-2023,23.55,77.36,310.3123869,75,12.47621834
13-10-2023,23.55,77.36,390.2552907,53,0.100925887
28-10-2023,23.55,77.36,350.5252372,88,8.704083766
11-12-2023,23.55,77.36,382.6457466,88,5.853302071
27-11-2023,23.55,77.36,332.0049601,99,22.45423725
12-12-2023,23.55,77.36,389.5523228,84,30.61290754
27-12-2023,23.55,77.36,338.9201679,50,10.65425043
01-01-2023,15.17,75.83,301.0837651,73,46.9528548
16-01-2023,15.17,75.83,390.5381976,85,0.334106461
31-01-2023,15.17,75.83,309.1286677,55,38.61505076
15-02-2023,15.17,75.83,331.9313638,90,31.26023848
03-02-2023,15.17,75.83,395.0061967,95,18.67774005
17-03-2023,15.17,75.83,395.0607147,93,2.524447221
04-01-2023,15.17,75.83,357.3437888,80,31.37432859
16-04-2023,15.17,75.83,363.1837212,69,19.28067564
05-01-2023,15.17,75.83,344.8445522,73,46.81335697
16-05-2023,15.17,75.83,329.3210772,74,27.09950374
31-05-2023,15.17,75.83,332.8664545,85,46.98257556
13-10-2023,15.17,75.83,367.2518456,70,11.02418467
28-10-2023,15.17,75.83,375.2374529,79,36.28629552
11-12-2023,15.17,75.83,379.1579044,73,30.86245104
27-11-2023,15.17,75.83,378.9618143,93,36.97041149
12-12-2023,15.17,75.83,309.1206103,91,10.7333932
27-12-2023,15.17,75.83,349.4420305,79,33.24972581
16-01-2023,25.55,84.97,305.755876,71,24.90201965
31-01-2023,25.55,84.97,354.9528882,77,37.14124875
15-02-2023,25.55,84.97,344.1530501,56,16.35223221
03-02-2023,25.55,84.97,388.7704183,84,44.50285127
17-03-2023,25.55,84.97,335.0915013,77,4.215065731
04-01-2023,25.55,84.97,311.7067016,63,40.35946594
16-04-2023,25.55,84.97,314.2991682,59,43.06598129
05-01-2023,25.55,84.97,376.1510632,65,40.86261557
16-05-2023,25.55,84.97,361.8218063,65,25.63631971
31-05-2023,25.55,84.97,310.1122676,80,21.919249
15-06-2023,25.55,84.97,308.4106806,91,49.81311433
29-08-2023,25.55,84.97,370.0969131,74,11.45859756
28-09-2023,25.55,84.97,307.2763006,62,27.34379829
13-10-2023,25.55,84.97,382.1860059,55,33.53377627
28-10-2023,25.55,84.97,370.6242227,93,35.04338179
11-12-2023,25.55,84.97,308.1348781,58,10.20123329
27-11-2023,25.55,84.97,308.4837714,94,32.69970462
12-12-2023,25.55,84.97,398.6639579,85,40.91847832
27-12-2023,25.55,84.97,337.4270796,92,2.500928841
01-01-2023,26.86,75.98,337.0642147,69,45.57606467
16-01-2023,26.86,75.98,381.2799567,67,1.475202757
31-01-2023,26.86,75.98,394.7248577,92,17.79855162
15-02-2023,26.86,75.98,398.6001064,70,0.790659812
03-02-2023,26.86,75.98,375.3378185,53,3.857258427
17-03-2023,26.86,75.98,337.6259586,99,45.55841426
04-01-2023,26.86,75.98,308.3500717,82,17.74304154
16-04-2023,26.86,75.98,377.7146916,76,21.23857652
05-01-2023,26.86,75.98,355.840425,56,10.76721907
16-05-2023,26.86,75.98,342.4222009,55,29.85478851
31-05-2023,26.86,75.98,390.6354385,64,29.74016073
15-06-2023,26.86,75.98,311.1197482,67,18.61001959
14-08-2023,26.86,75.98,349.2625104,81,16.65174359
29-08-2023,26.86,75.98,301.1353645,60,44.24821541
13-09-2023,26.86,75.98,346.8660642,69,19.16421198
28-09-2023,26.86,75.98,305.6303276,73,24.67504961
13-10-2023,26.86,75.98,311.8817916,64,14.16523812
28-10-2023,26.86,75.98,311.7526247,97,39.33847517
11-12-2023,26.86,75.98,364.9210302,56,19.87240784
27-11-2023,26.86,75.98,374.6044879,70,25.68055233
12-12-2023,26.86,75.98,358.3368765,91,12.6678585
27-12-2023,26.86,75.98,396.2172548,75,49.38297962
01-01-2023,22.34,73.23,337.487058,93,14.57478705
16-01-2023,22.34,73.23,328.5712086,63,38.53712655
31-01-2023,22.34,73.23,386.8599128,86,21.37478252
15-02-2023,22.34,73.23,322.3595839,70,10.31087025
03-02-2023,22.34,73.23,396.3222539,67,39.9859382
17-03-2023,22.34,73.23,301.2154475,54,16.68033945
04-01-2023,22.34,73.23,396.9878827,52,43.25966737
16-04-2023,22.34,73.23,304.3159912,72,45.76285925
05-01-2023,22.34,73.23,389.1143114,75,42.99119177
16-05-2023,22.34,73.23,352.7701109,86,1.75039574
31-05-2023,22.34,73.23,399.2964796,73,39.36866725
15-06-2023,22.34,73.23,307.3796565,98,20.56697332
28-09-2023,22.34,73.23,355.3854284,68,43.68614601
13-10-2023,22.34,73.23,396.9302536,74,31.89771313
28-10-2023,22.34,73.23,352.3097844,70,41.68215671
11-12-2023,22.34,73.23,362.9398638,61,24.97158849
27-11-2023,22.34,73.23,369.5748689,90,26.75127523
12-12-2023,22.34,73.23,345.4541065,82,7.219381607
27-12-2023,22.34,73.23,362.755808,99,39.19936793
16-01-2023,27.49,80.62,358.4314312,53,20.96948058
31-01-2023,27.49,80.62,390.115801,91,25.00400591
15-02-2023,27.49,80.62,304.544638,56,39.2548857
03-02-2023,27.49,80.62,328.096319,71,29.94227
17-03-2023,27.49,80.62,395.0411484,82,10.05493637
04-01-2023,27.49,80.62,389.0263784,66,29.51163296
16-04-2023,27.49,80.62,345.5656753,73,20.3816429
05-01-2023,27.49,80.62,362.0132598,83,23.4762771
16-05-2023,27.49,80.62,327.7381183,77,1.41556372
31-05-2023,27.49,80.62,318.812116,92,10.50146748
15-06-2023,27.49,80.62,346.3698405,90,14.05190407
29-08-2023,27.49,80.62,335.3352228,88,35.64800039
13-09-2023,27.49,80.62,358.3656112,71,0.574623665
28-09-2023,27.49,80.62,307.7734637,98,20.43886306
13-10-2023,27.49,80.62,397.4394808,66,46.20134352
28-10-2023,27.49,80.62,398.6210744,83,5.594030827
11-12-2023,27.49,80.62,369.8161714,55,25.82121941
27-11-2023,27.49,80.62,353.6096366,95,39.32611912
12-12-2023,27.49,80.62,330.9527616,55,47.12656538
27-12-2023,27.49,80.62,381.379502,83,37.33883198
01-01-2023,19.09,74.87,368.4731173,50,36.02827743
16-01-2023,19.09,74.87,316.2616939,59,41.32440451
31-01-2023,19.09,74.87,391.0927184,70,22.31006105
15-02-2023,19.09,74.87,382.2537243,54,40.29222663
03-02-2023,19.09,74.87,394.9799913,51,0.398220237
17-03-2023,19.09,74.87,372.5719508,71,46.22805277
04-01-2023,19.09,74.87,361.3415196,97,22.16532548
16-04-2023,19.09,74.87,341.8243036,51,27.66900939
05-01-2023,19.09,74.87,393.2728483,59,12.74411245
16-05-2023,19.09,74.87,386.606389,83,37.12654164
31-05-2023,19.09,74.87,304.521867,65,3.831790324
15-06-2023,19.09,74.87,302.6366974,97,43.63179013
28-09-2023,19.09,74.87,337.6463367,88,41.40584145
13-10-2023,19.09,74.87,381.0553331,71,10.80300581
28-10-2023,19.09,74.87,398.7276129,61,40.46621991
11-12-2023,19.09,74.87,315.0416891,73,39.31788665
27-11-2023,19.09,74.87,359.4130715,96,31.61082989
12-12-2023,19.09,74.87,338.0890857,89,18.67600884
27-12-2023,19.09,74.87,396.9914398,87,13.57493771
01-01-2023,12.91,77.65,384.2118923,59,11.58917951
16-01-2023,12.91,77.65,383.8328705,84,15.93044814
31-01-2023,12.91,77.65,346.869316,98,45.17792217
15-02-2023,12.91,77.65,341.4819502,81,3.882038799
03-02-2023,12.91,77.65,327.3407072,56,41.44356381
17-03-2023,12.91,77.65,305.6375497,70,17.44450375
04-01-2023,12.91,77.65,386.4722376,69,26.0799698
16-04-2023,12.91,77.65,381.2901009,75,39.72428168
05-01-2023,12.91,77.65,399.9717673,53,44.21882735
16-05-2023,12.91,77.65,399.6636837,95,17.239071
31-05-2023,12.91,77.65,355.5431706,71,23.09217406
14-08-2023,12.91,77.65,376.8987415,64,20.72580324
13-10-2023,12.91,77.65,394.476573,89,0.662551675
28-10-2023,12.91,77.65,384.9647391,70,14.79714444
11-12-2023,12.91,77.65,324.7348102,64,22.95946169
27-11-2023,12.91,77.65,345.0544135,71,20.55468044
01-01-2023,23.41,77.32,312.9159415,77,36.09646138
16-01-2023,23.41,77.32,395.4051027,63,19.24018086
31-01-2023,23.41,77.32,360.6174634,76,24.46882245
15-02-2023,23.41,77.32,322.8642806,90,21.48042961
03-02-2023,23.41,77.32,367.1700684,89,37.03130744
17-03-2023,23.41,77.32,361.812824,77,43.14861995
04-01-2023,23.41,77.32,335.8162718,75,26.59445395
16-04-2023,23.41,77.32,311.3557592,98,39.47160971
05-01-2023,23.41,77.32,367.1573196,51,14.8393341
16-05-2023,23.41,77.32,352.0307701,74,27.06848051
31-05-2023,23.41,77.32,377.2318392,52,17.26149768
15-06-2023,23.41,77.32,352.0163501,57,20.71004628
29-08-2023,23.41,77.32,385.21815,93,36.62069324
13-09-2023,23.41,77.32,355.1906839,82,44.08312412
28-09-2023,23.41,77.32,356.0937972,91,6.074769554
13-10-2023,23.41,77.32,387.6653603,84,31.73196282
28-10-2023,23.41,77.32,340.3482866,55,29.10719038
11-12-2023,23.41,77.32,313.4015228,88,5.920751959
27-11-2023,23.41,77.32,302.8782676,72,10.59471652
12-12-2023,23.41,77.32,375.5137256,74,15.55012474
27-12-2023,23.41,77.32,362.0309551,99,8.346553541
01-01-2023,23.32,77.4,370.4079768,92,12.18647413
16-01-2023,23.32,77.4,321.2964162,68,13.38003994
31-01-2023,23.32,77.4,313.6371476,54,16.78369165
15-02-2023,23.32,77.4,301.4544666,60,37.46952264
03-02-2023,23.32,77.4,335.0587559,61,28.59561019
17-03-2023,23.32,77.4,358.9917687,59,49.3123336
04-01-2023,23.32,77.4,339.2244045,57,20.73679135
16-04-2023,23.32,77.4,343.7474922,73,37.69325369
05-01-2023,23.32,77.4,390.4158694,77,43.57342107
16-05-2023,23.32,77.4,334.8255467,90,33.94892465
31-05-2023,23.32,77.4,351.3989489,85,20.59323702
15-06-2023,23.32,77.4,378.3653013,86,37.67973154
29-08-2023,23.32,77.4,339.6542782,70,10.18335689
13-09-2023,23.32,77.4,362.20867,57,16.37760826
28-09-2023,23.32,77.4,386.2363709,58,27.33426275
13-10-2023,23.32,77.4,394.9520624,96,28.77046936
28-10-2023,23.32,77.4,314.7073481,64,1.107073774
11-12-2023,23.32,77.4,392.6587625,97,47.25570944
27-11-2023,23.32,77.4,349.2116293,95,34.83136356
12-12-2023,23.32,77.4,325.8244388,89,24.78518751
27-12-2023,23.32,77.4,345.9135756,67,46.65636172
01-01-2023,19.09,74.69,398.0032575,91,21.95477826
16-01-2023,19.09,74.69,349.2618094,69,49.02177851
31-01-2023,19.09,74.69,332.875161,55,25.61423786
15-02-2023,19.09,74.69,363.3400854,61,5.7142885
03-02-2023,19.09,74.69,324.0145619,51,38.24004862
17-03-2023,19.09,74.69,307.5863328,56,33.94488625
04-01-2023,19.09,74.69,312.8879722,65,38.64933607
16-04-2023,19.09,74.69,312.8045839,52,47.57210144
05-01-2023,19.09,74.69,315.1902694,94,38.82446513
16-05-2023,19.09,74.69,313.8827173,52,30.56683011
31-05-2023,19.09,74.69,364.0874745,76,42.86544512
15-06-2023,19.09,74.69,318.1880084,99,33.66232197
28-09-2023,19.09,74.69,334.5667283,92,20.40595284
13-10-2023,19.09,74.69,389.678841,89,44.28098821
28-10-2023,19.09,74.69,347.396164,87,11.09502304
11-12-2023,19.09,74.69,366.7557739,82,35.73206375
27-11-2023,19.09,74.69,317.2319871,77,44.07817275
12-12-2023,19.09,74.69,319.2289019,50,36.56582599
27-12-2023,19.09,74.69,304.0868616,57,34.86377095
01-01-2023,26.39,74.61,316.8935063,86,37.6319147
16-01-2023,26.39,74.61,327.8590339,81,23.25276242
31-01-2023,26.39,74.61,317.7010484,97,43.70853411
15-02-2023,26.39,74.61,308.8702534,92,10.17182376
03-02-2023,26.39,74.61,312.0635871,86,6.3693208
17-03-2023,26.39,74.61,346.0778768,53,14.27543901
04-01-2023,26.39,74.61,320.6333718,79,26.57886984
16-04-2023,26.39,74.61,336.4269861,55,25.52808977
05-01-2023,26.39,74.61,350.3417271,95,41.02993788
16-05-2023,26.39,74.61,369.0394829,68,20.22843282
31-05-2023,26.39,74.61,303.931214,81,24.21722131
15-06-2023,26.39,74.61,379.9410399,58,0.668384163
29-08-2023,26.39,74.61,362.7900389,61,20.48696182
13-09-2023,26.39,74.61,308.1759032,60,32.38871165
28-09-2023,26.39,74.61,387.3578624,95,0.775416531
13-10-2023,26.39,74.61,392.0872401,65,14.04409826
28-10-2023,26.39,74.61,306.107796,50,10.39781796
11-12-2023,26.39,74.61,327.6877648,94,2.099271445
27-11-2023,26.39,74.61,380.620128,70,23.9630045
12-12-2023,26.39,74.61,374.825969,79,9.086164661
27-12-2023,26.39,74.61,318.4521019,62,37.15407698
16-01-2023,26.71,80.86,320.9349323,83,42.39639419
31-01-2023,26.71,80.86,337.0472103,53,27.27925913
15-02-2023,26.71,80.86,348.4522985,77,49.08536713
03-02-2023,26.71,80.86,361.8254772,87,22.52392857
17-03-2023,26.71,80.86,336.891364,80,25.66841051
04-01-2023,26.71,80.86,346.2534716,76,49.4608877
16-04-2023,26.71,80.86,374.7470938,54,11.5774218
16-05-2023,26.71,80.86,303.6683203,74,47.12729698
31-05-2023,26.71,80.86,325.2436944,52,2.141877756
15-06-2023,26.71,80.86,371.3349586,82,22.31934451
29-08-2023,26.71,80.86,389.5206838,53,3.500175607
28-09-2023,26.71,80.86,351.1677442,74,36.46173715
13-10-2023,26.71,80.86,353.2113485,69,30.42044679
28-10-2023,26.71,80.86,310.7172011,83,35.33171317
11-12-2023,26.71,80.86,344.7412367,75,18.72402
27-11-2023,26.71,80.86,353.2617266,54,18.4740967
12-12-2023,26.71,80.86,324.2470504,84,2.265963948
27-12-2023,26.71,80.86,326.9243231,77,17.49724698
01-01-2023,19.08,74.52,337.7284163,78,46.46442011
16-01-2023,19.08,74.52,302.0071198,58,18.96132686
31-01-2023,19.08,74.52,332.2079166,87,41.56838531
15-02-2023,19.08,74.52,321.1448007,99,42.11627524
03-02-2023,19.08,74.52,332.7497352,55,18.66205782
17-03-2023,19.08,74.52,311.9762132,68,31.59943402
04-01-2023,19.08,74.52,389.0527281,93,4.768580114
16-04-2023,19.08,74.52,359.3592454,60,5.183929037
05-01-2023,19.08,74.52,367.9102319,51,2.432883183
16-05-2023,19.08,74.52,378.9171239,96,29.05075467
31-05-2023,19.08,74.52,349.8442199,93,21.30354888
15-06-2023,19.08,74.52,308.6920288,93,27.40161783
28-09-2023,19.08,74.52,353.7106542,58,26.05365953
13-10-2023,19.08,74.52,358.6841118,70,17.51014955
28-10-2023,19.08,74.52,374.5439474,73,33.87367074
11-12-2023,19.08,74.52,343.1659546,83,37.92509405
27-11-2023,19.08,74.52,312.7580303,71,0.731412944
12-12-2023,19.08,74.52,328.3775906,52,10.36211499
27-12-2023,19.08,74.52,336.3082296,61,35.6617934
01-01-2023,15.12,75.54,364.5917241,77,19.33100863
16-01-2023,15.12,75.54,357.0778305,79,33.12419735
31-01-2023,15.12,75.54,335.6096726,75,17.34813299
15-02-2023,15.12,75.54,398.6515249,97,19.53775762
03-02-2023,15.12,75.54,360.5774819,70,7.933943684
17-03-2023,15.12,75.54,323.7226792,77,12.91155098
04-01-2023,15.12,75.54,310.1782473,75,30.27058788
16-04-2023,15.12,75.54,315.2859139,82,21.65815557
05-01-2023,15.12,75.54,324.5957728,70,38.71513415
16-05-2023,15.12,75.54,316.0681373,84,42.62924775
31-05-2023,15.12,75.54,318.6567024,83,27.08232091
13-10-2023,15.12,75.54,328.5095169,90,37.9133646
28-10-2023,15.12,75.54,317.3373595,96,15.34522566
11-12-2023,15.12,75.54,389.6765425,67,20.74856077
27-11-2023,15.12,75.54,308.0233746,60,35.63888381
12-12-2023,15.12,75.54,352.451139,72,19.31059964
27-12-2023,15.12,75.54,341.0396827,97,29.42524676
01-01-2023,19.56,76.46,398.2378617,71,9.268638954
16-01-2023,19.56,76.46,311.2038902,66,29.98856575
31-01-2023,19.56,76.46,339.7855599,54,43.07568536
15-02-2023,19.56,76.46,396.9470433,93,43.43198199
03-02-2023,19.56,76.46,386.5507126,60,36.21722032
17-03-2023,19.56,76.46,381.7072071,79,37.28766895
04-01-2023,19.56,76.46,325.7902827,64,27.89637226
16-04-2023,19.56,76.46,317.0887587,76,29.23340451
05-01-2023,19.56,76.46,366.864322,84,6.682529071
16-05-2023,19.56,76.46,392.9375989,82,22.19295942
31-05-2023,19.56,76.46,355.6762893,69,22.53881419
15-06-2023,19.56,76.46,357.1612689,65,47.92489178
28-09-2023,19.56,76.46,327.9979094,83,21.55434313
13-10-2023,19.56,76.46,376.9492933,51,27.46713225
28-10-2023,19.56,76.46,318.7043749,84,26.66256996
11-12-2023,19.56,76.46,332.3679236,89,31.83808585
27-11-2023,19.56,76.46,342.5436439,77,37.41164157
12-12-2023,19.56,76.46,350.7610379,96,11.25209381
27-12-2023,19.56,76.46,324.2409732,88,26.43622095
01-01-2023,22.45,73.25,311.4836825,55,41.29588537
16-01-2023,22.45,73.25,361.0620042,58,23.15573569
31-01-2023,22.45,73.25,328.8630553,69,13.92287732
15-02-2023,22.45,73.25,358.1238221,50,32.73545377
03-02-2023,22.45,73.25,315.4362715,57,41.18836979
17-03-2023,22.45,73.25,348.1140102,72,3.157014646
04-01-2023,22.45,73.25,353.2589433,52,38.83952417
16-04-2023,22.45,73.25,305.1823537,53,41.08239665
05-01-2023,22.45,73.25,333.6604278,74,23.07614638
16-05-2023,22.45,73.25,313.4414677,96,49.16528284
31-05-2023,22.45,73.25,306.337497,87,39.33541704
15-06-2023,22.45,73.25,398.9960232,64,38.68312824
28-09-2023,22.45,73.25,332.2353845,70,37.39192872
13-10-2023,22.45,73.25,380.9874446,84,7.530405161
28-10-2023,22.45,73.25,325.4640655,95,10.86154432
11-12-2023,22.45,73.25,368.1502722,63,23.19950657
27-11-2023,22.45,73.25,376.022786,85,13.2002175
12-12-2023,22.45,73.25,359.5638741,61,20.76204862
27-12-2023,22.45,73.25,347.1576189,66,44.4232055
01-01-2023,16.08,78.07,341.1840914,88,41.21634459
16-01-2023,16.08,78.07,334.8868267,58,31.50199392
31-01-2023,16.08,78.07,392.9529144,84,42.90601971
15-02-2023,16.08,78.07,383.0619408,62,39.18861945
03-02-2023,16.08,78.07,396.5026911,64,21.44924659
17-03-2023,16.08,78.07,312.4297223,67,10.0532576
04-01-2023,16.08,78.07,373.0867475,82,25.710052
16-04-2023,16.08,78.07,393.8340457,55,36.81144413
05-01-2023,16.08,78.07,318.1233066,76,21.82097994
16-05-2023,16.08,78.07,306.6496267,72,33.33859549
31-05-2023,16.08,78.07,374.1120649,76,4.716371315
15-06-2023,16.08,78.07,357.4473113,83,37.40023682
29-08-2023,16.08,78.07,384.1828777,95,40.63568099
28-09-2023,16.08,78.07,313.9772377,87,35.34189279
13-10-2023,16.08,78.07,379.5267312,63,48.36317938
28-10-2023,16.08,78.07,320.162732,85,41.33260287
12-12-2023,16.08,78.07,316.3655943,57,45.15468639
27-12-2023,16.08,78.07,316.4265798,84,46.67855417
01-01-2023,26.63,93.34,381.457472,68,40.06739959
16-01-2023,26.63,93.34,366.5197221,79,33.7129421
31-01-2023,26.63,93.34,352.3065425,63,0.285929068
15-02-2023,26.63,93.34,335.8830484,69,23.29128766
03-02-2023,26.63,93.34,387.7200541,98,28.55811493
17-03-2023,26.63,93.34,339.2445107,74,15.20151362
04-01-2023,26.63,93.34,381.6599439,89,15.90522235
16-04-2023,26.63,93.34,343.9134909,73,48.05797079
29-08-2023,26.63,93.34,337.6944429,63,44.58554326
13-09-2023,26.63,93.34,346.2679786,75,42.45895028
28-09-2023,26.63,93.34,330.1377874,87,20.30059009
13-10-2023,26.63,93.34,374.760938,72,0.68492752
28-10-2023,26.63,93.34,350.272039,71,4.011112323
11-12-2023,26.63,93.34,323.2212695,97,15.60981841
27-11-2023,26.63,93.34,389.9574573,68,0.78714565
12-12-2023,26.63,93.34,338.3891221,95,0.857489096
27-12-2023,26.63,93.34,354.3552861,52,45.83016508
01-01-2023,27.12,88.18,390.6472111,91,35.30792511
16-01-2023,27.12,88.18,362.4237996,68,15.4477995
31-01-2023,27.12,88.18,311.6898041,58,6.63222888
15-02-2023,27.12,88.18,393.9832124,77,25.58178589
03-02-2023,27.12,88.18,362.7708053,69,0.267308043
17-03-2023,27.12,88.18,333.4905615,94,46.92068719
04-01-2023,27.12,88.18,313.9272073,56,20.74075597
16-04-2023,27.12,88.18,379.4025189,63,20.11674776
05-01-2023,27.12,88.18,362.0072756,58,19.52968038
16-05-2023,27.12,88.18,353.3461092,68,3.466416519
31-05-2023,27.12,88.18,389.3892583,96,31.91611199
13-10-2023,27.12,88.18,378.8597211,63,36.65018098
28-10-2023,27.12,88.18,315.167488,87,33.80626988
11-12-2023,27.12,88.18,331.1722068,85,6.921774666
27-11-2023,27.12,88.18,324.848914,89,28.9420084
12-12-2023,27.12,88.18,374.3946293,66,28.47422421
27-12-2023,27.12,88.18,303.3532435,79,43.4205394
01-01-2023,11.3,76.82,356.9889685,58,18.95638292
16-01-2023,11.3,76.82,376.2458686,82,18.57429718
31-01-2023,11.3,76.82,387.6765637,74,30.92635294
15-02-2023,11.3,76.82,334.2081749,63,31.65363267
03-02-2023,11.3,76.82,382.1257305,60,23.46426137
17-03-2023,11.3,76.82,311.0631737,84,22.15296812
04-01-2023,11.3,76.82,384.6452292,90,24.70738353
16-04-2023,11.3,76.82,312.7488662,63,43.05226498
14-08-2023,11.3,76.82,339.7287291,79,23.05834506
28-09-2023,11.3,76.82,379.7295366,90,46.9965896
13-10-2023,11.3,76.82,314.9917427,53,25.20018818
27-12-2023,11.3,76.82,322.9251395,53,47.46003466
01-01-2023,13.19,77.53,372.2252568,77,41.64159509
16-01-2023,13.19,77.53,372.0036537,57,18.12156613
31-01-2023,13.19,77.53,364.1147633,51,43.18207106
15-02-2023,13.19,77.53,369.3948444,90,5.50316421
03-02-2023,13.19,77.53,354.2724443,95,46.25235877
17-03-2023,13.19,77.53,325.1799059,71,31.58217575
04-01-2023,13.19,77.53,334.5695994,90,2.719537426
16-04-2023,13.19,77.53,318.1597717,65,32.21283618
05-01-2023,13.19,77.53,390.8450561,78,48.71238271
16-05-2023,13.19,77.53,358.3391795,98,3.490032731
31-05-2023,13.19,77.53,340.0851417,97,27.73438549
14-08-2023,13.19,77.53,346.2005804,79,37.38971749
13-10-2023,13.19,77.53,394.728334,61,40.51292933
28-10-2023,13.19,77.53,315.3351403,84,20.69137327
11-12-2023,13.19,77.53,358.6229832,60,10.20832796
27-11-2023,13.19,77.53,350.5888679,95,2.117113939
01-01-2023,9.8,76.3,361.1454235,99,28.98630785
16-01-2023,9.8,76.3,301.8110184,70,22.64555351
31-01-2023,9.8,76.3,387.2123909,70,47.43721976
15-02-2023,9.8,76.3,393.2118282,54,3.030245386
03-02-2023,9.8,76.3,356.5133184,97,34.26976717
17-03-2023,9.8,76.3,369.6650824,69,1.248311106
04-01-2023,9.8,76.3,392.2499381,86,8.571708836
16-04-2023,9.8,76.3,370.7238634,52,22.67895
05-01-2023,9.8,76.3,315.2539043,93,22.74362214
16-05-2023,9.8,76.3,357.628836,82,34.28502715
31-05-2023,9.8,76.3,360.6715046,58,45.51065174
30-06-2023,9.8,76.3,342.4130671,58,31.95160795
30-07-2023,9.8,76.3,373.6444236,53,47.67675489
14-08-2023,9.8,76.3,393.4367015,84,44.08078199
13-10-2023,9.8,76.3,392.5568513,66,29.22498978
11-12-2023,9.8,76.3,345.0839371,83,41.68959755
27-11-2023,9.8,76.3,311.3238046,73,32.12888052
12-12-2023,9.8,76.3,398.4841199,81,3.927891546
27-12-2023,9.8,76.3,383.8898086,50,37.02823616
01-01-2023,11.32,76.88,312.4662681,57,4.745422063
16-01-2023,11.32,76.88,392.0841883,94,29.70413903
31-01-2023,11.32,76.88,386.9896362,72,35.13201029
15-02-2023,11.32,76.88,351.8838057,96,3.326380411
03-02-2023,11.32,76.88,359.1275436,89,11.5397327
17-03-2023,11.32,76.88,339.9002704,61,45.78361161
04-01-2023,11.32,76.88,305.4761639,61,30.81572461
16-04-2023,11.32,76.88,333.5197242,95,12.31430094
05-01-2023,11.32,76.88,380.2853449,96,34.53398856
16-05-2023,11.32,76.88,300.4632023,64,29.838821
31-05-2023,11.32,76.88,333.3499172,90,25.078785
15-06-2023,11.32,76.88,339.8168694,68,48.80934875
14-08-2023,11.32,76.88,353.7395603,75,34.17268887
28-09-2023,11.32,76.88,391.9855616,78,18.77205548
13-10-2023,11.32,76.88,334.6345994,71,40.0036716
27-12-2023,11.32,76.88,334.6953202,89,44.22916465
16-01-2023,28.65,77.13,373.7501248,70,6.261027976
31-01-2023,28.65,77.13,345.2217941,87,10.02764889
15-02-2023,28.65,77.13,322.4604823,69,10.81135046
03-02-2023,28.65,77.13,345.2439516,78,34.56059047
17-03-2023,28.65,77.13,314.085702,53,30.15197775
04-01-2023,28.65,77.13,317.6386987,56,30.94957823
16-04-2023,28.65,77.13,349.8367773,77,47.03866498
05-01-2023,28.65,77.13,341.892545,77,38.79557664
16-05-2023,28.65,77.13,391.4845901,53,6.396846226
31-05-2023,28.65,77.13,336.2393899,71,17.37535412
15-06-2023,28.65,77.13,358.058835,61,21.76968231
30-06-2023,28.65,77.13,363.2264288,94,19.79807944
14-08-2023,28.65,77.13,301.3094457,52,33.46543046
29-08-2023,28.65,77.13,366.3537372,71,44.59465516
13-09-2023,28.65,77.13,317.8035967,93,15.30257318
28-09-2023,28.65,77.13,396.1070317,51,27.59385682
13-10-2023,28.65,77.13,314.8662728,73,39.4704711
28-10-2023,28.65,77.13,341.4624124,83,20.81090294
11-12-2023,28.65,77.13,308.5349668,76,8.40590642
27-11-2023,28.65,77.13,399.6874252,90,23.74754826
12-12-2023,28.65,77.13,350.219501,50,2.761126037
27-12-2023,28.65,77.13,359.5385017,57,47.1191727
01-01-2023,26.79,75.94,306.7076477,72,3.74106026
16-01-2023,26.79,75.94,374.996047,87,21.92283576
31-01-2023,26.79,75.94,320.9905593,55,26.49406305
15-02-2023,26.79,75.94,389.8054289,71,49.26519161
03-02-2023,26.79,75.94,320.513964,74,8.301091182
17-03-2023,26.79,75.94,319.0687721,67,5.721575931
04-01-2023,26.79,75.94,303.6549668,66,0.435307353
16-04-2023,26.79,75.94,347.2066945,61,7.778571843
05-01-2023,26.79,75.94,356.4841133,55,10.36364895
16-05-2023,26.79,75.94,306.5708639,75,31.52904708
31-05-2023,26.79,75.94,377.5527617,76,10.98533952
15-06-2023,26.79,75.94,345.3288835,57,1.026040736
14-08-2023,26.79,75.94,352.4390269,68,41.33091728
29-08-2023,26.79,75.94,344.0762747,91,18.27978505
13-09-2023,26.79,75.94,340.0763061,50,17.68483433
28-09-2023,26.79,75.94,355.9640331,78,15.12395146
13-10-2023,26.79,75.94,315.5240246,94,48.76866386
28-10-2023,26.79,75.94,318.192813,98,8.505770865
11-12-2023,26.79,75.94,386.1785621,84,44.9119032
27-11-2023,26.79,75.94,394.6115462,89,38.84016661
12-12-2023,26.79,75.94,337.3309316,63,3.823997775
27-12-2023,26.79,75.94,327.0744673,84,49.33645508
01-01-2023,23.6,77.53,364.3999543,97,13.56829818
16-01-2023,23.6,77.53,340.8734171,94,4.929146351
31-01-2023,23.6,77.53,302.5386356,69,41.46571171
15-02-2023,23.6,77.53,315.6152597,98,35.33377668
03-02-2023,23.6,77.53,371.5972229,62,30.86094029
17-03-2023,23.6,77.53,365.8923942,87,7.799043185
04-01-2023,23.6,77.53,302.7095993,98,23.92480581
16-04-2023,23.6,77.53,322.1972162,95,39.02780134
05-01-2023,23.6,77.53,323.1074797,98,15.18119691
16-05-2023,23.6,77.53,367.1892744,57,15.58449143
31-05-2023,23.6,77.53,301.9710538,92,0.157045302
15-06-2023,23.6,77.53,310.4108582,69,8.712170082
29-08-2023,23.6,77.53,379.9916085,82,43.77028126
13-09-2023,23.6,77.53,317.8544662,75,22.08732458
13-10-2023,23.6,77.53,365.2746108,88,49.21172496
28-10-2023,23.6,77.53,323.8182781,70,19.78539818
11-12-2023,23.6,77.53,309.9441393,98,35.75932274
27-11-2023,23.6,77.53,324.3172191,91,14.09595215
12-12-2023,23.6,77.53,372.2266932,92,18.19048206
27-12-2023,23.6,77.53,385.5696468,90,9.53629938
01-01-2023,22.13,73.08,383.0219865,58,17.35311842
16-01-2023,22.13,73.08,339.718353,73,27.36187602
31-01-2023,22.13,73.08,366.8085137,86,49.58864405
15-02-2023,22.13,73.08,320.4984295,98,33.21008565
03-02-2023,22.13,73.08,329.314773,90,9.96229772
17-03-2023,22.13,73.08,389.6335819,66,2.24807208
04-01-2023,22.13,73.08,301.3001924,73,6.317824066
16-04-2023,22.13,73.08,308.5508531,70,28.12776006
05-01-2023,22.13,73.08,320.7886255,88,38.25801644
16-05-2023,22.13,73.08,302.6532204,90,47.02096037
31-05-2023,22.13,73.08,318.1435435,88,0.7911586
15-06-2023,22.13,73.08,358.3041561,62,26.13800708
28-09-2023,22.13,73.08,342.1424551,60,23.54336781
13-10-2023,22.13,73.08,389.2671711,95,32.8027511
28-10-2023,22.13,73.08,381.7443562,68,27.97894272
11-12-2023,22.13,73.08,334.1817352,60,34.35195753
27-11-2023,22.13,73.08,325.9423433,62,32.90412924
12-12-2023,22.13,73.08,337.9692408,95,5.850586243
27-12-2023,22.13,73.08,359.0294943,94,39.98589568
16-01-2023,10.9,79.84,326.8063641,50,6.161628786
31-01-2023,10.9,79.84,362.4148908,89,34.92653126
15-02-2023,10.9,79.84,340.9411652,93,20.80726838
03-02-2023,10.9,79.84,355.2047181,68,25.69253673
04-01-2023,10.9,79.84,343.6126529,61,45.16490072
16-04-2023,10.9,79.84,329.446576,57,44.49418632
16-05-2023,10.9,79.84,394.8453307,57,40.89281528
31-05-2023,10.9,79.84,376.3605794,94,25.50741902
15-06-2023,10.9,79.84,314.0113176,61,36.81199051
30-06-2023,10.9,79.84,386.8467976,97,25.64485278
30-07-2023,10.9,79.84,348.7431198,82,43.48030412
13-09-2023,10.9,79.84,389.4552227,94,20.13879166
28-09-2023,10.9,79.84,379.9855256,75,48.51176722
13-10-2023,10.9,79.84,342.5213504,88,46.61613791
01-01-2023,16.09,78.02,302.2469308,77,37.08013097
16-01-2023,16.09,78.02,326.8677359,54,13.97079421
31-01-2023,16.09,78.02,354.1634215,57,6.58267944
15-02-2023,16.09,78.02,363.347822,74,42.7351725
03-02-2023,16.09,78.02,325.7887685,76,8.265114307
17-03-2023,16.09,78.02,313.9356074,95,42.71303945
04-01-2023,16.09,78.02,383.4930237,72,24.53825034
16-04-2023,16.09,78.02,398.4402181,79,20.32783919
05-01-2023,16.09,78.02,352.5690182,94,45.15953894
16-05-2023,16.09,78.02,317.1679286,96,30.19254913
31-05-2023,16.09,78.02,327.2307327,72,28.83070036
15-06-2023,16.09,78.02,301.8390677,98,27.93829723
29-08-2023,16.09,78.02,391.4298807,96,18.5584758
28-09-2023,16.09,78.02,311.7751083,69,39.28215518
13-10-2023,16.09,78.02,357.6516476,67,12.6399222
28-10-2023,16.09,78.02,327.4055221,67,46.944748
12-12-2023,16.09,78.02,355.4178003,51,44.69926025
27-12-2023,16.09,78.02,365.1420388,53,16.87401628
01-01-2023,27.14,75.24,382.9741804,79,36.47318849
16-01-2023,27.14,75.24,320.6421272,82,28.66115972
31-01-2023,27.14,75.24,301.0995829,85,16.8824651
15-02-2023,27.14,75.24,313.688563,67,49.4260824
03-02-2023,27.14,75.24,390.0018642,86,1.261867292
17-03-2023,27.14,75.24,387.3890078,68,12.63230153
04-01-2023,27.14,75.24,359.7413102,96,26.00370306
16-04-2023,27.14,75.24,360.051686,77,26.09765017
05-01-2023,27.14,75.24,366.5036675,89,29.44665375
16-05-2023,27.14,75.24,317.5371279,69,37.5838086
31-05-2023,27.14,75.24,391.4411946,98,31.17389153
15-06-2023,27.14,75.24,341.8770525,82,30.01407303
30-06-2023,27.14,75.24,338.3138528,61,2.675723146
14-08-2023,27.14,75.24,351.8917705,64,18.82651439
29-08-2023,27.14,75.24,304.6965967,90,11.60278699
13-09-2023,27.14,75.24,316.6283369,88,13.26850558
28-09-2023,27.14,75.24,373.8033616,51,27.71687372
13-10-2023,27.14,75.24,308.2798668,78,9.975265746
28-10-2023,27.14,75.24,360.3152109,90,14.69745505
11-12-2023,27.14,75.24,324.534911,59,11.85423543
27-11-2023,27.14,75.24,338.9295614,51,47.42514716
12-12-2023,27.14,75.24,328.8693737,60,47.23328661
27-12-2023,27.14,75.24,335.5672716,62,30.49707793
31-01-2023,29.3,76.43,371.9045905,59,46.22612344
15-02-2023,29.3,76.43,329.7121716,63,39.29063227
03-02-2023,29.3,76.43,356.640464,67,29.49739414
17-03-2023,29.3,76.43,347.6050402,58,0.321760575
04-01-2023,29.3,76.43,366.3671165,88,38.6258143
16-04-2023,29.3,76.43,393.6829739,77,35.12441708
05-01-2023,29.3,76.43,373.2572097,52,30.76268266
16-05-2023,29.3,76.43,321.4940379,69,38.02121558
31-05-2023,29.3,76.43,303.1183135,55,25.64610824
15-06-2023,29.3,76.43,326.2264044,76,35.20416357
30-06-2023,29.3,76.43,359.5077931,51,46.75860434
14-08-2023,29.3,76.43,305.1425813,78,18.79025079
29-08-2023,29.3,76.43,349.6366247,87,35.40609175
13-09-2023,29.3,76.43,359.6842849,52,23.7843909
28-09-2023,29.3,76.43,333.4243891,65,33.71998259
13-10-2023,29.3,76.43,377.0912204,79,38.14466678
28-10-2023,29.3,76.43,310.6598253,89,2.272625022
11-12-2023,29.3,76.43,307.5137782,51,32.3300222
27-11-2023,29.3,76.43,372.8188756,66,11.33705922
12-12-2023,29.3,76.43,349.5491316,90,33.50162689
27-12-2023,29.3,76.43,368.8402396,61,23.4165093
16-01-2023,25.46,82.85,343.4827339,84,38.67763709
31-01-2023,25.46,82.85,324.6402033,92,6.17004076
15-02-2023,25.46,82.85,381.9102318,50,31.31611758
03-02-2023,25.46,82.85,379.9415879,94,13.92353645
17-03-2023,25.46,82.85,369.4696471,64,42.64909977
04-01-2023,25.46,82.85,327.2145137,75,46.41917528
16-04-2023,25.46,82.85,359.0230667,86,49.81991468
05-01-2023,25.46,82.85,336.0973897,70,39.80037012
16-05-2023,25.46,82.85,309.1582073,98,37.68670352
31-05-2023,25.46,82.85,391.7313575,80,10.77503794
15-06-2023,25.46,82.85,313.6818631,74,16.80035295
29-08-2023,25.46,82.85,395.0237354,72,23.28412709
28-09-2023,25.46,82.85,344.6005773,73,38.66905239
13-10-2023,25.46,82.85,318.5132929,87,45.74829325
28-10-2023,25.46,82.85,354.1900947,77,9.456955001
11-12-2023,25.46,82.85,387.2945836,70,46.11837423
27-11-2023,25.46,82.85,373.2224886,92,34.78123262
12-12-2023,25.46,82.85,380.6561148,67,30.53853653
27-12-2023,25.46,82.85,365.8783367,85,9.992063564
01-01-2023,16.57,77.22,369.2276565,84,2.77625164
16-01-2023,16.57,77.22,384.9195652,94,28.42324493
31-01-2023,16.57,77.22,324.9668009,58,32.57578417
15-02-2023,16.57,77.22,348.9424964,87,10.53907247
03-02-2023,16.57,77.22,322.1209442,79,27.82281029
17-03-2023,16.57,77.22,398.7668008,93,42.82467014
04-01-2023,16.57,77.22,394.405934,83,41.75329727
16-04-2023,16.57,77.22,303.9426811,81,46.36775903
05-01-2023,16.57,77.22,370.5575173,52,18.29429048
16-05-2023,16.57,77.22,392.5248317,52,15.90247863
31-05-2023,16.57,77.22,318.0575345,77,37.4713003
15-06-2023,16.57,77.22,356.7945231,93,21.55562025
30-06-2023,16.57,77.22,391.5488298,64,4.377433201
28-09-2023,16.57,77.22,303.3945979,90,14.14005653
13-10-2023,16.57,77.22,369.7420267,72,20.92911428
28-10-2023,16.57,77.22,329.7349007,89,14.62582127
11-12-2023,16.57,77.22,392.4396195,60,16.61027855
27-11-2023,16.57,77.22,397.1058245,97,14.68879531
12-12-2023,16.57,77.22,394.4266489,81,2.074958359
27-12-2023,16.57,77.22,347.4214217,85,31.85473504
01-01-2023,17.45,78.36,386.2042651,82,29.86462102
16-01-2023,17.45,78.36,384.4549399,73,32.66917492
31-01-2023,17.45,78.36,331.9100473,88,9.615494802
15-02-2023,17.45,78.36,382.8915474,83,14.78272708
03-02-2023,17.45,78.36,303.7007635,77,30.98079635
17-03-2023,17.45,78.36,359.6269878,86,29.98137842
04-01-2023,17.45,78.36,323.0008837,56,25.31651547
16-04-2023,17.45,78.36,312.0566886,53,17.5206625
05-01-2023,17.45,78.36,307.6953202,86,45.64655024
16-05-2023,17.45,78.36,369.6288776,50,16.98851211
31-05-2023,17.45,78.36,333.9874964,50,22.78095782
15-06-2023,17.45,78.36,372.4766772,96,33.90569155
28-09-2023,17.45,78.36,306.5356341,69,27.15107154
13-10-2023,17.45,78.36,331.5290338,68,17.34429882
28-10-2023,17.45,78.36,353.9491292,78,21.78223952
12-12-2023,17.45,78.36,379.0723165,59,39.72404089
01-01-2023,19.04,74.63,331.8752503,67,13.90645777
16-01-2023,19.04,74.63,362.5891376,77,7.112761989
31-01-2023,19.04,74.63,388.5977748,84,15.65816009
15-02-2023,19.04,74.63,361.5863188,92,42.47671077
03-02-2023,19.04,74.63,323.2959475,96,4.449485743
17-03-2023,19.04,74.63,302.4400782,80,49.58480367
04-01-2023,19.04,74.63,387.0098874,76,27.05014495
16-04-2023,19.04,74.63,302.1269411,60,49.2422872
05-01-2023,19.04,74.63,387.4701673,98,46.9498211
16-05-2023,19.04,74.63,352.8937134,98,22.64068571
31-05-2023,19.04,74.63,393.9067699,87,9.92455373
15-06-2023,19.04,74.63,379.8783236,54,8.244238828
28-09-2023,19.04,74.63,399.7934111,57,11.99946819
13-10-2023,19.04,74.63,335.0711815,83,35.50663203
28-10-2023,19.04,74.63,376.7188289,97,13.64749974
11-12-2023,19.04,74.63,340.1930914,61,17.07126348
27-11-2023,19.04,74.63,347.987562,87,22.4389402
12-12-2023,19.04,74.63,362.7505463,50,45.66163402
27-12-2023,19.04,74.63,387.3677114,80,9.469670894
01-01-2023,12.81,77.7,398.4083469,53,0.25132763
16-01-2023,12.81,77.7,376.8273414,98,3.004820519
31-01-2023,12.81,77.7,341.7766782,94,45.23831708
15-02-2023,12.81,77.7,342.1357002,99,32.37582324
03-02-2023,12.81,77.7,373.7582302,54,13.65203097
17-03-2023,12.81,77.7,323.8777146,79,8.859625051
04-01-2023,12.81,77.7,311.0474113,73,14.71333683
16-04-2023,12.81,77.7,335.4622158,52,5.739846363
05-01-2023,12.81,77.7,328.7238992,60,47.07664551
16-05-2023,12.81,77.7,329.630812,94,39.21030872
31-05-2023,12.81,77.7,323.3607751,53,23.11955885
14-08-2023,12.81,77.7,304.209319,75,43.24813026
13-10-2023,12.81,77.7,301.7873935,76,12.47291021
28-10-2023,12.81,77.7,398.772239,95,35.85602842
11-12-2023,12.81,77.7,342.7773134,92,42.80662495
27-11-2023,12.81,77.7,338.4326647,76,17.83843558
01-01-2023,14.6,79.7,367.9647283,91,37.87322227
16-01-2023,14.6,79.7,321.8253888,99,14.75361746
31-01-2023,14.6,79.7,394.9961184,55,14.94285676
15-02-2023,14.6,79.7,378.6345014,64,5.352858928
03-02-2023,14.6,79.7,308.9411002,79,22.00290233
17-03-2023,14.6,79.7,341.7580776,91,36.48559532
04-01-2023,14.6,79.7,387.9118308,86,47.01104028
16-04-2023,14.6,79.7,394.4732022,86,30.1898496
05-01-2023,14.6,79.7,346.7401511,91,43.15677689
16-05-2023,14.6,79.7,361.3411389,86,41.12473246
31-05-2023,14.6,79.7,316.7033946,84,8.667152649
15-07-2023,14.6,79.7,399.1168626,72,24.29087145
14-08-2023,14.6,79.7,323.1671701,55,5.846176776
29-08-2023,14.6,79.7,394.2731774,53,34.10765808
13-09-2023,14.6,79.7,364.9646649,67,47.49498341
28-09-2023,14.6,79.7,360.7736795,58,6.854472904
13-10-2023,14.6,79.7,351.2688511,98,36.69415654
28-10-2023,14.6,79.7,323.0669812,78,31.61190754
11-12-2023,14.6,79.7,317.6528032,62,29.18025185
12-12-2023,14.6,79.7,322.0486209,96,19.50601173
01-01-2023,30.48,79.49,318.6438262,66,17.75658239
16-01-2023,30.48,79.49,377.9584474,94,2.262459451
31-01-2023,30.48,79.49,335.0125259,81,10.89543541
15-02-2023,30.48,79.49,305.7842677,97,0.758844114
03-02-2023,30.48,79.49,396.910263,71,29.07085528
17-03-2023,30.48,79.49,388.3785885,53,5.292661794
04-01-2023,30.48,79.49,392.7752283,54,43.6509697
16-04-2023,30.48,79.49,399.4907823,86,26.15715103
05-01-2023,30.48,79.49,317.3895249,90,34.98449545
16-05-2023,30.48,79.49,339.6242019,98,20.54285459
31-05-2023,30.48,79.49,375.8238476,62,28.02899045
15-06-2023,30.48,79.49,369.6020618,83,47.13295885
29-08-2023,30.48,79.49,315.3895906,94,4.136701981
28-09-2023,30.48,79.49,381.5833125,71,12.6968886
13-10-2023,30.48,79.49,322.4440572,72,38.99941635
28-10-2023,30.48,79.49,322.3817615,52,4.936860344
11-12-2023,30.48,79.49,353.6974423,91,3.783055195
27-11-2023,30.48,79.49,359.2939935,83,18.07706994
12-12-2023,30.48,79.49,358.0086208,81,4.608397924
27-12-2023,30.48,79.49,309.1486837,94,29.25392211
01-01-2023,19.01,74.58,387.7460863,98,11.31376254
16-01-2023,19.01,74.58,326.5600043,70,44.78489816
31-01-2023,19.01,74.58,312.9514921,95,39.17500404
15-02-2023,19.01,74.58,388.874808,93,34.9852603
03-02-2023,19.01,74.58,395.5651498,70,30.84720137
17-03-2023,19.01,74.58,386.2127617,93,43.17328652
04-01-2023,19.01,74.58,380.9516075,60,11.15310308
16-04-2023,19.01,74.58,365.5241981,88,43.65544214
05-01-2023,19.01,74.58,355.0857371,53,39.47461492
16-05-2023,19.01,74.58,308.698676,50,37.40804132
31-05-2023,19.01,74.58,340.8453213,77,28.0627839
15-06-2023,19.01,74.58,337.2688517,73,12.31220805
28-09-2023,19.01,74.58,325.9753784,84,21.1773958
13-10-2023,19.01,74.58,372.3420114,62,39.67853273
28-10-2023,19.01,74.58,349.5875735,96,1.588924218
11-12-2023,19.01,74.58,308.1046216,83,39.10253846
27-11-2023,19.01,74.58,322.0183202,60,12.00353702
12-12-2023,19.01,74.58,368.3258764,85,7.215460036
27-12-2023,19.01,74.58,307.6130859,66,5.785065909
01-01-2023,13.64,77.8,385.1206914,84,1.362500598
16-01-2023,13.64,77.8,349.5146527,67,26.17932426
31-01-2023,13.64,77.8,348.0586577,89,10.91299363
15-02-2023,13.64,77.8,359.2407785,71,49.47158829
03-02-2023,13.64,77.8,382.4680966,73,28.72183779
17-03-2023,13.64,77.8,334.7809208,68,6.894263468
04-01-2023,13.64,77.8,367.8016153,86,34.43812704
16-04-2023,13.64,77.8,356.5731964,88,44.88717833
05-01-2023,13.64,77.8,326.702827,70,37.25897477
16-05-2023,13.64,77.8,387.8629986,57,3.821993052
31-05-2023,13.64,77.8,379.7426022,77,44.79420906
15-06-2023,13.64,77.8,365.8451835,54,39.69646929
14-08-2023,13.64,77.8,385.0581729,66,7.915195005
28-09-2023,13.64,77.8,386.7294201,86,2.589294437
13-10-2023,13.64,77.8,370.8362977,85,27.86552877
28-10-2023,13.64,77.8,383.7013328,68,7.801790567
12-12-2023,13.64,77.8,369.7471462,76,41.72954763
27-12-2023,13.64,77.8,368.0140772,83,17.91673283
01-01-2023,23.33,77.2,361.8611378,60,45.64462224
16-01-2023,23.33,77.2,375.271664,94,28.28440861
31-01-2023,23.33,77.2,315.8605105,96,9.133619212
15-02-2023,23.33,77.2,388.0870759,61,6.979943368
03-02-2023,23.33,77.2,387.1843528,70,28.82362188
17-03-2023,23.33,77.2,302.9247283,60,38.09418059
04-01-2023,23.33,77.2,382.5816751,88,39.07528239
16-04-2023,23.33,77.2,312.8869867,77,13.78787022
05-01-2023,23.33,77.2,333.5118854,54,10.21233795
16-05-2023,23.33,77.2,374.3508256,66,0.837815225
31-05-2023,23.33,77.2,316.0759896,69,33.95995756
15-06-2023,23.33,77.2,381.7967024,90,3.828412922
29-08-2023,23.33,77.2,383.2134178,95,21.03806009
13-09-2023,23.33,77.2,350.7467734,61,30.0841082
28-09-2023,23.33,77.2,300.6385872,55,46.85544725
13-10-2023,23.33,77.2,328.7038133,66,15.59010685
28-10-2023,23.33,77.2,361.6926918,68,12.48860812
11-12-2023,23.33,77.2,398.1186178,75,32.70800771
27-11-2023,23.33,77.2,363.1813527,97,30.9619516
12-12-2023,23.33,77.2,325.9803581,93,16.60548917
27-12-2023,23.33,77.2,363.4005703,93,46.40509178
01-01-2023,17.52,78.37,353.998538,81,42.24311637
16-01-2023,17.52,78.37,377.9845395,55,11.19912729
31-01-2023,17.52,78.37,310.6980639,85,11.95712727
15-02-2023,17.52,78.37,376.1027903,87,25.61501734
03-02-2023,17.52,78.37,354.1266579,60,38.67860509
17-03-2023,17.52,78.37,396.2992004,82,2.202018969
04-01-2023,17.52,78.37,334.1872166,73,34.66675769
16-04-2023,17.52,78.37,363.2621893,72,32.41179487
05-01-2023,17.52,78.37,393.2028106,64,11.5740048
16-05-2023,17.52,78.37,310.2509728,76,34.06765066
31-05-2023,17.52,78.37,393.7228487,60,47.00915956
15-06-2023,17.52,78.37,368.7885722,99,2.339292249
28-09-2023,17.52,78.37,306.7837059,66,15.98260276
13-10-2023,17.52,78.37,330.0963567,63,21.90883583
28-10-2023,17.52,78.37,370.8172089,76,44.96301795
12-12-2023,17.52,78.37,306.7350601,67,48.11307233
16-01-2023,10.72,79.99,358.217046,77,22.20576232
15-02-2023,10.72,79.99,334.5883057,96,37.50142061
03-02-2023,10.72,79.99,362.0915518,96,26.58305119
04-01-2023,10.72,79.99,304.5742034,53,26.88914674
16-04-2023,10.72,79.99,387.1536806,56,13.90497575
16-05-2023,10.72,79.99,397.3488969,94,10.84781229
31-05-2023,10.72,79.99,396.8877855,84,14.4002673
15-06-2023,10.72,79.99,374.9651832,97,27.81640036
30-06-2023,10.72,79.99,313.008624,58,1.457759301
30-07-2023,10.72,79.99,375.8263196,57,45.36244722
14-08-2023,10.72,79.99,302.4586916,94,7.814185477
29-08-2023,10.72,79.99,302.2123552,66,11.00443384
28-09-2023,10.72,79.99,332.3610219,66,25.91380882
01-01-2023,15.6,77.84,348.864319,98,35.50573832
16-01-2023,15.6,77.84,377.0407418,82,4.786452737
31-01-2023,15.6,77.84,368.3295377,81,15.88473488
15-02-2023,15.6,77.84,344.5902706,57,48.43373028
03-02-2023,15.6,77.84,327.3626666,68,13.11714834
17-03-2023,15.6,77.84,399.71245,87,15.65250725
04-01-2023,15.6,77.84,342.6181302,52,41.82492453
16-04-2023,15.6,77.84,345.1387024,54,2.510721585
05-01-2023,15.6,77.84,316.3623821,62,23.23065844
16-05-2023,15.6,77.84,379.4809549,96,18.98083822
31-05-2023,15.6,77.84,369.3682226,95,15.829338
15-06-2023,15.6,77.84,322.0769613,80,14.2849797
30-07-2023,15.6,77.84,308.2381046,65,4.568705243
14-08-2023,15.6,77.84,368.0499302,99,15.74129147
29-08-2023,15.6,77.84,365.4511214,81,2.152620136
28-09-2023,15.6,77.84,327.3259527,71,39.04819318
13-10-2023,15.6,77.84,395.0863562,78,19.9113897
28-10-2023,15.6,77.84,315.1057892,71,22.19519162
12-12-2023,15.6,77.84,343.2334801,92,44.67972932
27-12-2023,15.6,77.84,394.361592,52,32.90274919
01-01-2023,9.84,76.34,341.9727317,59,0.402955167
16-01-2023,9.84,76.34,363.8525948,91,47.15874115
31-01-2023,9.84,76.34,339.7594398,70,11.8572233
15-02-2023,9.84,76.34,327.4215202,65,5.380709238
03-02-2023,9.84,76.34,398.3977648,61,38.40640892
17-03-2023,9.84,76.34,340.9334006,51,25.02386579
04-01-2023,9.84,76.34,389.4099204,90,21.6885283
16-04-2023,9.84,76.34,322.9954606,73,12.47515398
16-05-2023,9.84,76.34,321.3104704,84,27.37357449
31-05-2023,9.84,76.34,303.1134083,79,13.71923026
13-10-2023,9.84,76.34,365.1666825,79,45.07915026
12-12-2023,9.84,76.34,336.8526344,96,10.76022399
27-12-2023,9.84,76.34,386.435825,84,44.21775752
01-01-2023,26.73,93.01,347.3209907,68,27.97027129
16-01-2023,26.73,93.01,396.8193428,99,41.42440669
31-01-2023,26.73,93.01,318.5525516,57,35.64229979
15-02-2023,26.73,93.01,386.8623168,75,34.83475557
03-02-2023,26.73,93.01,377.6596853,98,16.21729038
17-03-2023,26.73,93.01,377.0921845,89,11.69484657
04-01-2023,26.73,93.01,384.4783228,56,10.54431138
16-04-2023,26.73,93.01,376.1023991,79,42.85958285
05-01-2023,26.73,93.01,362.6220322,56,41.02134101
16-05-2023,26.73,93.01,313.1244878,52,22.0286764
31-05-2023,26.73,93.01,303.2526179,50,6.620230675
15-06-2023,26.73,93.01,392.0847848,85,19.1126126
29-08-2023,26.73,93.01,361.6650315,74,30.96717271
13-09-2023,26.73,93.01,379.6537291,86,22.72015772
28-09-2023,26.73,93.01,348.1522352,50,39.00946342
13-10-2023,26.73,93.01,311.7308189,64,49.88114111
28-10-2023,26.73,93.01,312.5185792,86,9.556604422
11-12-2023,26.73,93.01,368.5565287,62,22.98254098
27-11-2023,26.73,93.01,343.0305895,89,21.5491951
12-12-2023,26.73,93.01,320.0524727,57,15.22462664
27-12-2023,26.73,93.01,349.1594547,54,9.904775836
01-01-2023,25.51,91.38,306.4208937,58,3.284605824
16-01-2023,25.51,91.38,358.1971402,50,44.35596586
31-01-2023,25.51,91.38,326.8993404,85,20.99243488
15-02-2023,25.51,91.38,379.7559101,84,24.84477593
03-02-2023,25.51,91.38,331.0361959,51,45.84710241
17-03-2023,25.51,91.38,345.5220149,89,38.81452388
04-01-2023,25.51,91.38,301.162054,72,6.525063206
16-04-2023,25.51,91.38,307.2446888,58,28.27099838
16-05-2023,25.51,91.38,339.2493556,83,22.11261383
31-05-2023,25.51,91.38,347.9938835,95,39.86055363
28-09-2023,25.51,91.38,360.0020548,63,36.21162738
13-10-2023,25.51,91.38,329.1662579,53,34.5202861
28-10-2023,25.51,91.38,369.4981886,79,17.02724177
11-12-2023,25.51,91.38,386.0122397,80,40.24818652
12-12-2023,25.51,91.38,377.9850989,87,2.61956478
27-12-2023,25.51,91.38,303.9618825,60,7.981245072
01-01-2023,9.86,76.3,348.0506947,84,16.78116365
16-01-2023,9.86,76.3,310.4930178,57,3.840372053
31-01-2023,9.86,76.3,324.2045016,52,11.74971388
15-02-2023,9.86,76.3,398.6662593,63,41.50754915
03-02-2023,9.86,76.3,314.2495543,62,47.41257689
17-03-2023,9.86,76.3,349.8888153,94,15.23011779
04-01-2023,9.86,76.3,361.8155734,81,13.2257902
16-04-2023,9.86,76.3,370.2464971,83,13.99463261
05-01-2023,9.86,76.3,355.9648683,94,13.88595437
16-05-2023,9.86,76.3,300.9770847,68,1.796509109
31-05-2023,9.86,76.3,332.6461308,87,46.34581732
30-06-2023,9.86,76.3,351.7711643,65,10.68490708
30-07-2023,9.86,76.3,308.7866499,51,21.0002037
14-08-2023,9.86,76.3,335.0626931,89,0.484344137
13-10-2023,9.86,76.3,303.3203109,66,42.89775455
11-12-2023,9.86,76.3,307.8578497,83,36.55786722
27-11-2023,9.86,76.3,339.6923276,91,47.33780176
12-12-2023,9.86,76.3,313.2715754,65,39.08077396
27-12-2023,9.86,76.3,356.7540848,87,15.6853256
01-01-2023,12.91,77.61,368.9464969,51,12.39366794
16-01-2023,12.91,77.61,380.0586699,51,34.88581538
31-01-2023,12.91,77.61,320.0150244,75,18.20563875
15-02-2023,12.91,77.61,316.7482582,62,28.31075079
03-02-2023,12.91,77.61,310.456784,96,0.312873551
17-03-2023,12.91,77.61,363.643025,80,3.094285084
04-01-2023,12.91,77.61,370.6475726,83,26.76839706
16-04-2023,12.91,77.61,303.1586145,88,28.30358232
05-01-2023,12.91,77.61,393.6212246,52,37.57264722
16-05-2023,12.91,77.61,305.1971284,57,6.598265981
31-05-2023,12.91,77.61,354.1296335,72,25.65915419
14-08-2023,12.91,77.61,370.9060519,63,9.722382222
13-10-2023,12.91,77.61,387.0969124,76,4.659805978
28-10-2023,12.91,77.61,371.4086932,78,20.5247897
11-12-2023,12.91,77.61,380.1728083,88,8.166832404
27-11-2023,12.91,77.61,333.9450193,88,11.08909891
01-01-2023,11.46,76.82,381.4825114,50,15.87772899
16-01-2023,11.46,76.82,308.0114846,66,12.96942004
31-01-2023,11.46,76.82,389.4816656,90,4.37956487
15-02-2023,11.46,76.82,354.7592376,79,4.495812243
03-02-2023,11.46,76.82,381.729777,62,9.662470762
17-03-2023,11.46,76.82,345.2318285,70,2.527959398
04-01-2023,11.46,76.82,364.3577695,68,31.32285098
16-04-2023,11.46,76.82,352.6402661,68,14.36633583
14-08-2023,11.46,76.82,373.1589522,74,13.98729839
28-09-2023,11.46,76.82,308.1629982,71,16.59991471
13-10-2023,11.46,76.82,306.0352084,80,33.13981371
27-12-2023,11.46,76.82,324.7103234,66,43.53169407
01-01-2023,9.91,76.37,315.954468,72,37.95434663
16-01-2023,9.91,76.37,387.1783567,81,36.37646151
31-01-2023,9.91,76.37,321.9213987,59,24.21955928
15-02-2023,9.91,76.37,397.5865256,59,34.69027785
03-02-2023,9.91,76.37,333.6895792,85,27.6381184
17-03-2023,9.91,76.37,318.2117916,57,10.81252641
04-01-2023,9.91,76.37,378.9698507,69,10.42941839
16-04-2023,9.91,76.37,365.8707776,81,14.81960034
16-05-2023,9.91,76.37,349.8195716,99,45.54013355
31-05-2023,9.91,76.37,355.5363551,63,27.37074202
13-10-2023,9.91,76.37,371.9201778,99,36.69526885
12-12-2023,9.91,76.37,322.8454741,77,17.32793799
27-12-2023,9.91,76.37,399.6333916,95,20.38578853
01-01-2023,12.95,77.65,397.4793162,73,6.278278932
16-01-2023,12.95,77.65,365.0325686,64,8.564747891
31-01-2023,12.95,77.65,319.9542451,71,41.36782774
15-02-2023,12.95,77.65,368.0228242,79,29.24193158
03-02-2023,12.95,77.65,307.2198409,53,16.87662329
17-03-2023,12.95,77.65,303.0652502,62,40.14256045
04-01-2023,12.95,77.65,325.7682889,72,12.32599528
16-04-2023,12.95,77.65,346.2622957,57,48.80163493
05-01-2023,12.95,77.65,386.8272505,67,17.24088039
16-05-2023,12.95,77.65,372.716907,61,16.86554771
31-05-2023,12.95,77.65,374.2706521,80,15.59559528
14-08-2023,12.95,77.65,342.5493334,63,6.105575796
13-10-2023,12.95,77.65,334.5934993,83,5.556857367
28-10-2023,12.95,77.65,337.1038763,67,32.40525173
11-12-2023,12.95,77.65,398.7649564,83,43.75590223
27-11-2023,12.95,77.65,304.0109191,60,39.52602551
01-01-2023,11.2,76.73,386.7031496,90,7.055379701
16-01-2023,11.2,76.73,357.8675409,61,27.27910609
31-01-2023,11.2,76.73,343.8615419,98,5.279577299
15-02-2023,11.2,76.73,372.525766,64,2.264732181
03-02-2023,11.2,76.73,348.6668941,80,32.81929297
17-03-2023,11.2,76.73,387.3423238,98,26.75761668
04-01-2023,11.2,76.73,390.0701864,78,4.101184261
16-04-2023,11.2,76.73,342.1720927,75,1.74696232
14-08-2023,11.2,76.73,327.6827797,67,49.48782067
28-09-2023,11.2,76.73,359.2350329,81,1.501066607
13-10-2023,11.2,76.73,391.2363346,71,22.22641265
27-12-2023,11.2,76.73,321.0662189,87,25.23095123
01-01-2023,12.07,75.83,362.2966584,66,5.86400739
16-01-2023,12.07,75.83,363.156022,72,8.453088922
31-01-2023,12.07,75.83,373.3113022,73,17.59025032
15-02-2023,12.07,75.83,313.1567685,99,38.08379381
03-02-2023,12.07,75.83,371.5824965,57,25.3541212
17-03-2023,12.07,75.83,390.9032521,90,31.89509373
04-01-2023,12.07,75.83,317.9683109,55,49.25872775
16-04-2023,12.07,75.83,323.7543325,54,38.40027177
05-01-2023,12.07,75.83,397.1395094,93,21.71807491
28-09-2023,12.07,75.83,318.0976953,78,22.32209609
13-10-2023,12.07,75.83,385.4385093,77,30.93860385
27-12-2023,12.07,75.83,349.2277856,60,33.26826042
01-01-2023,10.06,76.13,324.7231074,50,25.03554629
16-01-2023,10.06,76.13,387.0749901,92,32.24306114
31-01-2023,10.06,76.13,344.5305255,68,1.176624721
15-02-2023,10.06,76.13,351.4817354,58,21.48114319
03-02-2023,10.06,76.13,335.9233369,76,13.9469038
17-03-2023,10.06,76.13,359.2950851,83,6.458722262
04-01-2023,10.06,76.13,316.3523873,93,4.97732564
16-04-2023,10.06,76.13,339.1081537,53,30.15960828
13-10-2023,10.06,76.13,396.9412322,85,26.18002736
11-12-2023,10.06,76.13,325.8133433,67,12.67920585
27-11-2023,10.06,76.13,365.6736665,64,23.54750294
27-12-2023,10.06,76.13,332.5190064,62,24.61161576
01-01-2023,15.78,77.84,377.3473126,68,9.750449022
16-01-2023,15.78,77.84,313.0873661,98,32.60465309
31-01-2023,15.78,77.84,396.9821045,55,39.04596782
15-02-2023,15.78,77.84,345.3789541,97,39.57317704
03-02-2023,15.78,77.84,323.6050463,61,30.12349154
17-03-2023,15.78,77.84,307.3496747,86,25.58192913
04-01-2023,15.78,77.84,316.9757905,66,3.05035715
16-04-2023,15.78,77.84,351.9773949,72,14.39156494
05-01-2023,15.78,77.84,333.7003176,75,4.663572339
16-05-2023,15.78,77.84,382.8883366,78,48.19115804
31-05-2023,15.78,77.84,343.0887524,82,6.754007311
15-06-2023,15.78,77.84,324.8714273,76,7.588770493
30-07-2023,15.78,77.84,361.7144987,74,44.47883092
14-08-2023,15.78,77.84,370.6777217,59,47.19641417
29-08-2023,15.78,77.84,316.7041908,96,38.29145196
28-09-2023,15.78,77.84,316.7619216,72,0.270246184
13-10-2023,15.78,77.84,303.6671427,70,0.067313548
28-10-2023,15.78,77.84,373.6402015,70,18.90503849
12-12-2023,15.78,77.84,366.3804528,92,7.169768501
27-12-2023,15.78,77.84,347.4630876,62,0.919307108
01-01-2023,16.45,80.24,384.4170449,86,23.20333447
16-01-2023,16.45,80.24,380.5670153,82,47.15309487
31-01-2023,16.45,80.24,358.5354364,73,16.19097875
15-02-2023,16.45,80.24,386.8271281,93,33.05703392
03-02-2023,16.45,80.24,320.584121,60,32.61176766
17-03-2023,16.45,80.24,311.1919619,66,12.55400518
04-01-2023,16.45,80.24,326.9749612,53,32.52126244
16-04-2023,16.45,80.24,305.7086856,96,10.61669871
05-01-2023,16.45,80.24,353.1169528,74,6.100370679
16-05-2023,16.45,80.24,393.6605692,79,35.06916428
31-05-2023,16.45,80.24,303.9343541,58,5.672040855
15-06-2023,16.45,80.24,312.2109914,70,49.84546093
30-06-2023,16.45,80.24,345.2199028,69,9.172620058
30-07-2023,16.45,80.24,393.3875018,68,29.70709314
14-08-2023,16.45,80.24,331.6156105,68,20.56872857
29-08-2023,16.45,80.24,350.7234809,61,6.31932112
28-09-2023,16.45,80.24,304.1572859,86,1.392195379
13-10-2023,16.45,80.24,314.8343201,91,31.13661411
28-10-2023,16.45,80.24,398.6630123,66,40.33787819
11-12-2023,16.45,80.24,396.5118696,86,42.10078308
12-12-2023,16.45,80.24,300.4939981,97,24.13567365
27-12-2023,16.45,80.24,395.1811785,88,38.87277336
01-01-2023,22.23,73.1,363.9119938,77,33.64235667
16-01-2023,22.23,73.1,386.7918295,90,36.21272637
31-01-2023,22.23,73.1,345.4739856,84,24.62995026
15-02-2023,22.23,73.1,351.5596029,96,31.67058701
03-02-2023,22.23,73.1,348.884658,97,40.27629568
17-03-2023,22.23,73.1,366.6864258,67,19.89420878
04-01-2023,22.23,73.1,313.9651255,63,40.29894504
16-04-2023,22.23,73.1,302.997359,84,29.60084214
05-01-2023,22.23,73.1,330.7929942,93,8.295051219
16-05-2023,22.23,73.1,370.4680763,90,1.234207861
31-05-2023,22.23,73.1,320.1853452,56,18.13768002
15-06-2023,22.23,73.1,367.3432433,90,27.33481641
28-09-2023,22.23,73.1,396.9912046,62,41.99101761
13-10-2023,22.23,73.1,309.3900716,67,6.374284007
28-10-2023,22.23,73.1,367.2602118,86,40.01031738
11-12-2023,22.23,73.1,344.3750219,62,43.1504523
27-11-2023,22.23,73.1,386.8142254,85,7.53437435
12-12-2023,22.23,73.1,317.7149789,80,42.57971597
27-12-2023,22.23,73.1,369.2625952,51,49.57267839
16-01-2023,26.69,81.08,383.811529,65,36.34194155
31-01-2023,26.69,81.08,394.4614219,58,39.23848409
15-02-2023,26.69,81.08,368.3248028,58,49.72076338
03-02-2023,26.69,81.08,349.7174764,87,30.27406253
17-03-2023,26.69,81.08,361.784724,60,15.3943191
04-01-2023,26.69,81.08,386.8904984,71,41.8765417
16-04-2023,26.69,81.08,357.0609747,82,30.72428888
05-01-2023,26.69,81.08,303.038706,85,29.05977119
16-05-2023,26.69,81.08,393.0948696,94,12.68177778
31-05-2023,26.69,81.08,368.9526751,72,37.81671348
15-06-2023,26.69,81.08,367.6513386,94,4.083363793
29-08-2023,26.69,81.08,321.5675152,94,46.21435354
28-09-2023,26.69,81.08,365.888547,83,16.29117304
13-10-2023,26.69,81.08,339.3864406,58,6.388732639
28-10-2023,26.69,81.08,365.1232977,73,22.11832666
11-12-2023,26.69,81.08,310.659303,57,2.123495463
27-11-2023,26.69,81.08,365.7845305,56,34.23130971
12-12-2023,26.69,81.08,399.9413726,85,45.13527552
27-12-2023,26.69,81.08,304.8212039,67,41.86315036
01-01-2023,10.03,76.11,397.7174184,52,6.368473672
16-01-2023,10.03,76.11,340.6907961,77,6.313556855
31-01-2023,10.03,76.11,387.075345,55,40.67172412
15-02-2023,10.03,76.11,378.2385484,93,46.21271373
03-02-2023,10.03,76.11,356.7016261,93,23.03349149
17-03-2023,10.03,76.11,373.8449209,70,24.94855585
04-01-2023,10.03,76.11,387.8515561,77,15.91310207
16-04-2023,10.03,76.11,340.4140322,89,44.71325591
13-10-2023,10.03,76.11,332.7033162,50,32.24514526
11-12-2023,10.03,76.11,366.7593386,85,14.41257886
27-11-2023,10.03,76.11,380.7845942,70,14.93914355
27-12-2023,10.03,76.11,376.2285135,92,44.56000365
01-01-2023,9.86,76.37,379.7813649,84,0.681701195
16-01-2023,9.86,76.37,343.5583315,62,16.13632864
31-01-2023,9.86,76.37,381.7834216,98,27.71783406
15-02-2023,9.86,76.37,312.0209055,59,7.410873105
03-02-2023,9.86,76.37,354.4489098,93,4.60493771
17-03-2023,9.86,76.37,300.575866,96,40.76381655
04-01-2023,9.86,76.37,332.458583,59,44.72021943
16-04-2023,9.86,76.37,336.6461535,95,41.18032104
16-05-2023,9.86,76.37,339.6172692,62,44.93939449
31-05-2023,9.86,76.37,369.5467207,86,27.65559855
13-10-2023,9.86,76.37,338.8558101,87,40.61290605
12-12-2023,9.86,76.37,344.8693623,73,19.20213192
27-12-2023,9.86,76.37,323.7544131,51,33.31339307
01-01-2023,13.03,77.8,337.3251792,71,49.44177657
16-01-2023,13.03,77.8,322.7269627,66,11.28638619
31-01-2023,13.03,77.8,307.3195924,85,19.49498731
15-02-2023,13.03,77.8,360.3448593,63,24.00236887
03-02-2023,13.03,77.8,366.8212799,59,6.900774351
17-03-2023,13.03,77.8,361.9490346,84,4.051930523
04-01-2023,13.03,77.8,346.3494044,74,41.48614332
16-04-2023,13.03,77.8,337.978578,52,48.83971864
05-01-2023,13.03,77.8,386.333365,96,20.23625319
16-05-2023,13.03,77.8,351.9081785,87,4.38249181
31-05-2023,13.03,77.8,347.9181878,66,3.290588035
14-08-2023,13.03,77.8,302.5642066,61,44.56591032
13-10-2023,13.03,77.8,334.1247828,73,23.19071249
28-10-2023,13.03,77.8,338.0195619,78,16.00136583
11-12-2023,13.03,77.8,339.8822781,92,23.82306356
27-11-2023,13.03,77.8,358.0172369,74,15.91520473
27-12-2023,13.03,77.8,353.3602547,85,24.45178877
01-01-2023,34.14,74.7,360.7905093,75,42.97781985
15-02-2023,34.14,74.7,376.4883262,87,29.61506855
03-02-2023,34.14,74.7,381.2985739,50,34.73268864
17-03-2023,34.14,74.7,371.8123076,69,18.23353381
04-01-2023,34.14,74.7,395.5523696,77,36.92529393
16-04-2023,34.14,74.7,301.8232583,65,33.33085424
05-01-2023,34.14,74.7,319.5777986,96,5.978099888
16-05-2023,34.14,74.7,300.7562875,66,28.63214266
31-05-2023,34.14,74.7,364.7474714,89,12.83717482
15-06-2023,34.14,74.7,389.8030549,77,40.20478348
30-06-2023,34.14,74.7,324.3482297,61,21.29688542
15-07-2023,34.14,74.7,392.7034545,76,49.73420826
14-08-2023,34.14,74.7,306.026739,91,4.625021897
29-08-2023,34.14,74.7,393.4436027,96,39.01739314
13-09-2023,34.14,74.7,335.1622687,79,33.68508668
28-09-2023,34.14,74.7,310.1420828,90,38.37494153
13-10-2023,34.14,74.7,348.5871759,83,15.37648977
28-10-2023,34.14,74.7,325.6776568,86,24.60272447
11-12-2023,34.14,74.7,328.4872902,55,39.82542599
27-11-2023,34.14,74.7,330.7289965,56,11.62706658
12-12-2023,34.14,74.7,380.3025898,81,11.30165984
27-12-2023,34.14,74.7,353.9161277,81,27.55254766
01-01-2023,34.38,74.89,331.1307699,74,26.17817898
16-01-2023,34.38,74.89,361.0333783,82,14.11312352
31-01-2023,34.38,74.89,371.6150674,56,14.90378253
15-02-2023,34.38,74.89,327.2624001,61,13.89225816
03-02-2023,34.38,74.89,341.3549102,65,38.5756031
17-03-2023,34.38,74.89,312.1886093,65,32.59504328
04-01-2023,34.38,74.89,318.114935,92,41.62085917
16-04-2023,34.38,74.89,368.1117854,85,48.77365142
05-01-2023,34.38,74.89,318.1438348,62,23.70821481
16-05-2023,34.38,74.89,352.5163384,56,3.33469407
31-05-2023,34.38,74.89,370.9046262,85,2.404615521
15-06-2023,34.38,74.89,310.6876923,96,14.78325196
30-06-2023,34.38,74.89,356.731222,58,46.62722947
15-07-2023,34.38,74.89,325.6562784,81,26.16065275
30-07-2023,34.38,74.89,396.2926875,60,13.5893258
14-08-2023,34.38,74.89,348.3545647,57,19.95833973
29-08-2023,34.38,74.89,380.599255,82,29.92975537
13-09-2023,34.38,74.89,355.0226542,72,32.64748291
28-09-2023,34.38,74.89,304.3412533,74,7.695975489
13-10-2023,34.38,74.89,363.3151376,57,48.85158383
28-10-2023,34.38,74.89,395.1403342,94,27.23861135
11-12-2023,34.38,74.89,360.161182,71,6.78441589
27-11-2023,34.38,74.89,381.9188859,53,44.68176267
12-12-2023,34.38,74.89,388.4206463,89,3.731921554
27-12-2023,34.38,74.89,322.8079772,52,45.38677166
01-01-2023,34.2,74.81,321.204484,78,49.82828281
15-02-2023,34.2,74.81,361.0980989,90,35.02158996
03-02-2023,34.2,74.81,341.102847,78,38.52236105
17-03-2023,34.2,74.81,383.9861303,83,16.86514182
04-01-2023,34.2,74.81,390.0023123,83,47.07884264
16-04-2023,34.2,74.81,335.3421379,77,26.48569831
05-01-2023,34.2,74.81,323.6870559,62,36.61942233
16-05-2023,34.2,74.81,378.0525515,64,46.2053858
31-05-2023,34.2,74.81,327.4806036,72,48.7589988
15-06-2023,34.2,74.81,382.2614319,93,41.66021783
30-06-2023,34.2,74.81,342.3738254,75,15.15087535
15-07-2023,34.2,74.81,366.7549899,53,48.32737583
14-08-2023,34.2,74.81,309.5535314,75,31.40597656
29-08-2023,34.2,74.81,362.3859325,89,46.53212382
13-09-2023,34.2,74.81,345.1767679,58,33.80525129
28-09-2023,34.2,74.81,358.6608463,54,15.36194809
13-10-2023,34.2,74.81,316.8014208,81,18.50122621
28-10-2023,34.2,74.81,373.6873745,69,27.52358886
11-12-2023,34.2,74.81,386.2797078,99,39.50074208
27-11-2023,34.2,74.81,321.67398,60,15.89912757
12-12-2023,34.2,74.81,309.5714556,64,28.98655831
27-12-2023,34.2,74.81,302.3638586,81,17.28124968
01-01-2023,23.39,77.48,364.19715,77,40.78847023
16-01-2023,23.39,77.48,360.7094036,71,23.33640469
31-01-2023,23.39,77.48,354.6697413,90,3.836141343
15-02-2023,23.39,77.48,323.1947096,66,8.302626074
03-02-2023,23.39,77.48,339.0905996,75,3.055233381
17-03-2023,23.39,77.48,359.4476335,93,24.9651473
04-01-2023,23.39,77.48,349.6766859,56,5.316864867
16-04-2023,23.39,77.48,398.778552,91,5.706998465
05-01-2023,23.39,77.48,313.6439753,75,47.052413
16-05-2023,23.39,77.48,369.5144554,74,43.63275361
31-05-2023,23.39,77.48,340.4318768,59,22.60432984
15-06-2023,23.39,77.48,342.8199615,94,49.29026604
29-08-2023,23.39,77.48,371.7597766,68,0.009326409
13-09-2023,23.39,77.48,369.2436151,60,30.69897281
28-09-2023,23.39,77.48,399.1255994,62,30.82140887
13-10-2023,23.39,77.48,312.8394289,57,22.87215279
28-10-2023,23.39,77.48,310.4109649,89,19.84739865
11-12-2023,23.39,77.48,372.4338817,53,22.76915677
27-11-2023,23.39,77.48,357.8386917,96,20.7480218
12-12-2023,23.39,77.48,327.4160667,80,36.52462387
27-12-2023,23.39,77.48,307.9419369,77,6.767771749
16-01-2023,26.76,81.02,308.565825,60,9.88196103
31-01-2023,26.76,81.02,389.4190875,92,9.02591142
15-02-2023,26.76,81.02,319.1867325,50,13.12352926
03-02-2023,26.76,81.02,332.3371562,98,26.26292094
17-03-2023,26.76,81.02,322.6656402,96,5.560437367
04-01-2023,26.76,81.02,335.4996306,87,43.40846477
16-04-2023,26.76,81.02,306.9423843,73,14.86807657
05-01-2023,26.76,81.02,351.9059791,96,8.126899373
16-05-2023,26.76,81.02,306.7612564,80,33.78106548
31-05-2023,26.76,81.02,380.0356508,90,1.90431503
15-06-2023,26.76,81.02,323.3712082,95,30.99842824
29-08-2023,26.76,81.02,354.0011915,99,34.90992153
28-09-2023,26.76,81.02,388.0079088,75,10.74582657
13-10-2023,26.76,81.02,365.0877369,98,2.098203672
28-10-2023,26.76,81.02,353.2957787,99,18.18226795
11-12-2023,26.76,81.02,332.4333753,54,4.929711512
27-11-2023,26.76,81.02,333.3001913,69,5.823892484
12-12-2023,26.76,81.02,366.9486955,90,12.71306157
27-12-2023,26.76,81.02,399.4139361,60,14.77339623
16-01-2023,25.42,82.84,366.183919,82,26.49851705
31-01-2023,25.42,82.84,355.7783417,99,33.91959428
15-02-2023,25.42,82.84,373.065051,87,29.63854704
03-02-2023,25.42,82.84,346.5205612,76,7.418016864
17-03-2023,25.42,82.84,306.0142343,83,8.604301623
04-01-2023,25.42,82.84,356.2296816,64,43.93846249
16-04-2023,25.42,82.84,395.7625285,81,27.91761575
05-01-2023,25.42,82.84,317.5302942,70,43.49689164
16-05-2023,25.42,82.84,369.0004891,95,18.57732557
31-05-2023,25.42,82.84,320.0933689,54,30.72000037
15-06-2023,25.42,82.84,353.5827684,55,26.1831708
29-08-2023,25.42,82.84,309.667645,87,15.95617449
28-09-2023,25.42,82.84,345.0370936,71,23.4957686
13-10-2023,25.42,82.84,375.6163329,67,25.12454384
28-10-2023,25.42,82.84,334.7571524,63,10.03854874
11-12-2023,25.42,82.84,366.4911724,59,15.75051862
27-11-2023,25.42,82.84,379.5449961,95,39.57048753
12-12-2023,25.42,82.84,392.7177819,62,45.78941197
27-12-2023,25.42,82.84,323.4642082,80,17.98970468
01-01-2023,23.48,77.42,339.9315916,79,15.34861411
16-01-2023,23.48,77.42,315.2416013,52,9.759858229
31-01-2023,23.48,77.42,399.2483502,79,33.92455843
15-02-2023,23.48,77.42,392.7000968,55,16.15498508
03-02-2023,23.48,77.42,353.995713,78,49.38747695
17-03-2023,23.48,77.42,384.2033294,57,16.2842401
04-01-2023,23.48,77.42,352.0957977,93,19.70680234
16-04-2023,23.48,77.42,362.3585688,94,30.16670981
05-01-2023,23.48,77.42,308.9124432,92,40.08421466
16-05-2023,23.48,77.42,375.527042,93,23.47593327
31-05-2023,23.48,77.42,312.7713484,82,21.13280169
15-06-2023,23.48,77.42,382.606763,66,49.78189168
29-08-2023,23.48,77.42,378.2028088,97,0.524682057
13-09-2023,23.48,77.42,370.8744698,60,44.75326444
28-09-2023,23.48,77.42,303.6160381,62,7.457041297
13-10-2023,23.48,77.42,330.3128356,99,39.29626381
28-10-2023,23.48,77.42,326.311257,60,30.89657799
11-12-2023,23.48,77.42,336.0136407,80,17.09236427
27-11-2023,23.48,77.42,308.7642747,77,43.69374778
12-12-2023,23.48,77.42,393.6957823,93,0.645361399
27-12-2023,23.48,77.42,355.3802241,55,11.3345326
01-01-2023,21.19,81.68,330.5524311,90,28.34463981
16-01-2023,21.19,81.68,339.6981517,65,17.577113
31-01-2023,21.19,81.68,344.7202541,53,30.51887477
15-02-2023,21.19,81.68,360.0594333,84,1.20550967
03-02-2023,21.19,81.68,351.5679428,97,5.822946524
17-03-2023,21.19,81.68,391.9391973,75,6.354812011
04-01-2023,21.19,81.68,349.6963483,61,9.464182296
05-01-2023,21.19,81.68,399.2158015,60,22.96657204
16-05-2023,21.19,81.68,385.1424958,86,37.60643498
31-05-2023,21.19,81.68,320.8510514,74,45.2769419
15-06-2023,21.19,81.68,393.0595215,67,41.76862651
28-09-2023,21.19,81.68,311.6366398,68,9.844393589
13-10-2023,21.19,81.68,381.7449708,72,22.05752761
28-10-2023,21.19,81.68,338.0623293,87,9.970579888
11-12-2023,21.19,81.68,387.797432,67,13.22359083
27-11-2023,21.19,81.68,386.805669,75,25.17734908
12-12-2023,21.19,81.68,380.59254,55,3.405451236
27-12-2023,21.19,81.68,379.0030436,53,10.90871648
01-01-2023,19.64,75.4,330.4679139,93,46.76890807
16-01-2023,19.64,75.4,308.0919283,78,23.30581463
31-01-2023,19.64,75.4,340.2980179,83,22.2693263
15-02-2023,19.64,75.4,317.3524515,66,0.728357738
03-02-2023,19.64,75.4,369.4951089,92,12.36998735
17-03-2023,19.64,75.4,334.6099727,92,43.3146218
04-01-2023,19.64,75.4,397.5610201,65,8.231421413
16-04-2023,19.64,75.4,364.0972077,51,20.75624698
05-01-2023,19.64,75.4,382.2480564,83,0.716545293
16-05-2023,19.64,75.4,313.2524673,57,23.91677408
31-05-2023,19.64,75.4,386.2014482,62,1.051055336
15-06-2023,19.64,75.4,392.2757191,91,40.98047765
28-09-2023,19.64,75.4,348.7061919,57,41.24268837
13-10-2023,19.64,75.4,360.6252938,79,39.38710942
28-10-2023,19.64,75.4,376.4809801,81,14.16820344
11-12-2023,19.64,75.4,317.4838627,85,41.86186091
27-11-2023,19.64,75.4,350.2566076,96,27.14990663
12-12-2023,19.64,75.4,339.8663028,79,18.69040544
27-12-2023,19.64,75.4,314.6373992,50,31.26649799
16-01-2023,25.34,83.15,336.7534422,92,0.617052303
31-01-2023,25.34,83.15,306.8172309,88,7.14804388
15-02-2023,25.34,83.15,302.5811907,66,37.11467691
03-02-2023,25.34,83.15,313.5166289,69,12.20808044
17-03-2023,25.34,83.15,396.3115112,73,29.90045587
04-01-2023,25.34,83.15,354.9529536,99,19.25513014
16-04-2023,25.34,83.15,396.5822161,71,42.74028894
05-01-2023,25.34,83.15,343.2497878,78,47.6207653
16-05-2023,25.34,83.15,331.1816133,71,44.17823642
31-05-2023,25.34,83.15,350.6141863,93,13.53099973
15-06-2023,25.34,83.15,343.9511689,58,9.708143452
29-08-2023,25.34,83.15,310.5664684,86,23.72174468
13-10-2023,25.34,83.15,364.0826315,59,0.366707542
28-10-2023,25.34,83.15,321.6038183,85,1.290469643
11-12-2023,25.34,83.15,361.9587955,86,27.66453198
27-11-2023,25.34,83.15,365.0201092,77,26.02247021
12-12-2023,25.34,83.15,315.2024853,77,49.72909945
27-12-2023,25.34,83.15,306.1349627,91,10.09209177
01-01-2023,23.63,77.55,378.0761586,92,12.90519646
16-01-2023,23.63,77.55,345.9800424,70,5.677032116
31-01-2023,23.63,77.55,305.8163796,73,45.87715048
15-02-2023,23.63,77.55,399.4866317,91,38.89056222
03-02-2023,23.63,77.55,305.7780561,89,41.11695557
17-03-2023,23.63,77.55,369.5035229,51,45.1381894
04-01-2023,23.63,77.55,398.3678925,57,26.24499934
16-04-2023,23.63,77.55,323.9180104,97,22.55965957
05-01-2023,23.63,77.55,314.2249369,76,16.51957368
16-05-2023,23.63,77.55,312.1384939,71,29.46073072
31-05-2023,23.63,77.55,330.3275148,86,22.71391984
15-06-2023,23.63,77.55,310.1045811,76,22.57827933
29-08-2023,23.63,77.55,369.2161342,78,46.84639319
13-09-2023,23.63,77.55,306.2291798,52,49.20157571
13-10-2023,23.63,77.55,350.9422128,93,39.82421947
28-10-2023,23.63,77.55,399.6696854,62,37.83790451
11-12-2023,23.63,77.55,381.397027,94,34.02790809
27-11-2023,23.63,77.55,361.5219438,59,8.303742617
12-12-2023,23.63,77.55,330.6253621,85,2.955291044
27-12-2023,23.63,77.55,362.3895836,58,34.53631576
01-01-2023,22.26,73.18,352.7041464,76,36.43931111
16-01-2023,22.26,73.18,342.6083384,83,2.348649555
31-01-2023,22.26,73.18,313.0710377,50,46.40258751
15-02-2023,22.26,73.18,388.6604215,81,4.557031972
03-02-2023,22.26,73.18,344.9784649,74,14.29502669
17-03-2023,22.26,73.18,319.4622512,78,33.61949064
04-01-2023,22.26,73.18,336.7759351,56,8.49362972
16-04-2023,22.26,73.18,341.4129753,98,2.770794422
05-01-2023,22.26,73.18,382.7537896,52,16.55732446
16-05-2023,22.26,73.18,373.3614381,69,38.29857874
31-05-2023,22.26,73.18,376.9304894,69,20.68393395
15-06-2023,22.26,73.18,301.1031264,79,32.6486461
28-09-2023,22.26,73.18,341.6153998,84,28.98095486
13-10-2023,22.26,73.18,348.1344152,84,1.110924101
28-10-2023,22.26,73.18,301.9192277,98,49.42699935
11-12-2023,22.26,73.18,325.9813209,88,2.071404441
27-11-2023,22.26,73.18,376.0289823,76,48.39013688
12-12-2023,22.26,73.18,313.7109706,75,27.49320892
27-12-2023,22.26,73.18,353.5310131,63,48.15795135
01-01-2023,27.07,75.98,321.5201872,66,5.737679971
16-01-2023,27.07,75.98,301.2120775,67,24.52042596
31-01-2023,27.07,75.98,324.1201458,94,8.475204593
15-02-2023,27.07,75.98,397.5873755,78,2.548743851
03-02-2023,27.07,75.98,380.1537112,69,30.87645575
17-03-2023,27.07,75.98,395.9576644,76,10.38917105
04-01-2023,27.07,75.98,348.7854044,67,29.38485091
16-04-2023,27.07,75.98,310.9736199,53,5.618224097
05-01-2023,27.07,75.98,354.7959489,50,16.59932357
16-05-2023,27.07,75.98,345.4377335,99,39.0816279
31-05-2023,27.07,75.98,384.4357083,50,21.85257609
15-06-2023,27.07,75.98,309.8082581,75,31.38727074
14-08-2023,27.07,75.98,348.8241137,94,32.37289704
29-08-2023,27.07,75.98,315.0048665,69,42.1877522
13-09-2023,27.07,75.98,332.4675927,72,16.24613972
28-09-2023,27.07,75.98,373.7357077,59,34.36477813
13-10-2023,27.07,75.98,347.6018129,60,48.08079035
28-10-2023,27.07,75.98,337.5888285,90,36.51216672
11-12-2023,27.07,75.98,339.4476279,90,24.49352384
27-11-2023,27.07,75.98,345.9446768,54,31.53587222
12-12-2023,27.07,75.98,378.5016544,50,36.98414489
27-12-2023,27.07,75.98,389.2084689,66,30.61378828
01-01-2023,22.47,73.3,395.5334687,71,0.833790674
16-01-2023,22.47,73.3,378.6903386,83,9.738674884
31-01-2023,22.47,73.3,331.5406896,94,40.52341086
15-02-2023,22.47,73.3,368.8134706,90,13.63253237
03-02-2023,22.47,73.3,343.7603124,78,36.57810598
17-03-2023,22.47,73.3,325.4670622,53,18.60601076
04-01-2023,22.47,73.3,384.0871579,54,26.09421641
16-04-2023,22.47,73.3,303.8426349,60,3.398664991
05-01-2023,22.47,73.3,390.1761992,70,9.061278052
16-05-2023,22.47,73.3,346.1477465,84,47.85984818
31-05-2023,22.47,73.3,363.7201477,61,44.50690267
15-06-2023,22.47,73.3,365.9353922,75,32.61375554
28-09-2023,22.47,73.3,389.5117741,68,22.98222987
13-10-2023,22.47,73.3,363.6669682,94,33.78806464
28-10-2023,22.47,73.3,361.3933585,56,30.93051445
11-12-2023,22.47,73.3,306.6652041,96,28.42761278
27-11-2023,22.47,73.3,351.8408022,56,2.958853593
12-12-2023,22.47,73.3,315.0169001,75,31.64013053
27-12-2023,22.47,73.3,373.7433769,89,38.44600223
16-01-2023,27.41,80.5,351.2221921,54,49.70408273
31-01-2023,27.41,80.5,368.0227779,70,0.55392763
15-02-2023,27.41,80.5,304.1672901,63,36.50867267
03-02-2023,27.41,80.5,308.4792016,53,28.5894658
17-03-2023,27.41,80.5,371.6323388,72,21.7026088
04-01-2023,27.41,80.5,307.2084336,91,6.378508729
16-04-2023,27.41,80.5,307.1256728,69,20.45425743
05-01-2023,27.41,80.5,301.2108475,64,17.71885915
16-05-2023,27.41,80.5,395.6501398,99,15.14149445
31-05-2023,27.41,80.5,373.7508359,94,36.54398117
15-06-2023,27.41,80.5,335.3251409,78,35.03627606
29-08-2023,27.41,80.5,329.6535581,57,29.45100455
13-09-2023,27.41,80.5,334.970323,90,46.93324066
28-09-2023,27.41,80.5,377.4653531,97,17.49271921
13-10-2023,27.41,80.5,366.1370611,68,12.19009689
28-10-2023,27.41,80.5,318.5195568,97,32.79516565
11-12-2023,27.41,80.5,317.4109335,88,9.940703047
27-11-2023,27.41,80.5,309.839565,95,15.75052536
12-12-2023,27.41,80.5,366.030272,77,11.230122
27-12-2023,27.41,80.5,376.4372662,95,3.457678386
01-01-2023,10.04,76.11,326.5046428,76,41.37493708
16-01-2023,10.04,76.11,302.0944961,53,12.72702715
31-01-2023,10.04,76.11,308.2171667,64,23.65137517
15-02-2023,10.04,76.11,396.7860035,84,2.165763663
03-02-2023,10.04,76.11,329.5444777,86,34.96697331
17-03-2023,10.04,76.11,376.9223148,50,16.52805012
04-01-2023,10.04,76.11,362.4663569,52,37.23683639
16-04-2023,10.04,76.11,338.193964,96,20.62015302
13-10-2023,10.04,76.11,320.5687262,73,9.78778032
11-12-2023,10.04,76.11,312.1386418,76,25.65875411
27-11-2023,10.04,76.11,361.5012968,89,6.525227982
27-12-2023,10.04,76.11,377.4633781,85,22.02695799
16-01-2023,11.03,79.94,364.3904254,83,15.86527387
31-01-2023,11.03,79.94,353.0302133,78,45.59797921
15-02-2023,11.03,79.94,304.1951223,73,3.046436086
03-02-2023,11.03,79.94,396.8488778,73,34.70087071
04-01-2023,11.03,79.94,379.8714192,91,9.137558299
16-04-2023,11.03,79.94,329.2822037,53,15.95225372
16-05-2023,11.03,79.94,397.9970329,52,20.77570315
31-05-2023,11.03,79.94,360.188159,83,45.40075447
15-06-2023,11.03,79.94,358.2422658,98,12.1289133
30-06-2023,11.03,79.94,374.8073179,72,4.565440127
30-07-2023,11.03,79.94,381.1769788,72,15.9344802
13-09-2023,11.03,79.94,365.6478607,94,5.233798527
28-09-2023,11.03,79.94,312.8095746,54,6.429824298
13-10-2023,11.03,79.94,333.8267506,80,28.6925299
01-01-2023,12.54,74.75,392.808364,90,3.045096655
16-01-2023,12.54,74.75,322.4615612,55,1.54654407
31-01-2023,12.54,74.75,337.2167024,86,35.72070507
15-02-2023,12.54,74.75,343.2076883,59,18.08235474
03-02-2023,12.54,74.75,343.940499,89,6.268767462
17-03-2023,12.54,74.75,361.2939582,56,12.68063854
04-01-2023,12.54,74.75,394.3075838,88,32.10432537
16-04-2023,12.54,74.75,324.0692712,87,13.77682836
05-01-2023,12.54,74.75,312.1501376,70,24.72605626
13-10-2023,12.54,74.75,319.747049,69,6.084765336
27-11-2023,12.54,74.75,388.69249,52,29.40468188
12-12-2023,12.54,74.75,364.5810813,71,15.80388419
27-12-2023,12.54,74.75,328.5906789,96,31.34842173
01-01-2023,17.32,78.41,381.5946939,53,40.41974412
16-01-2023,17.32,78.41,386.1369996,77,30.58232097
31-01-2023,17.32,78.41,384.6514339,61,14.78737813
15-02-2023,17.32,78.41,391.8926534,87,12.78718508
03-02-2023,17.32,78.41,325.224102,85,16.37104794
17-03-2023,17.32,78.41,375.5041929,96,8.231025662
04-01-2023,17.32,78.41,346.0539497,90,9.058592543
16-04-2023,17.32,78.41,384.1998553,54,39.5345551
05-01-2023,17.32,78.41,372.8490677,62,19.23662883
16-05-2023,17.32,78.41,377.6447446,72,21.79975903
31-05-2023,17.32,78.41,365.6161838,99,29.70247328
15-06-2023,17.32,78.41,317.7428769,79,29.48267476
28-09-2023,17.32,78.41,354.5026919,86,3.368843576
13-10-2023,17.32,78.41,398.466974,74,41.57703932
28-10-2023,17.32,78.41,393.7388066,97,8.866327661
12-12-2023,17.32,78.41,304.3173736,76,36.1535818
01-01-2023,11.24,76.69,316.4814816,63,38.63354941
16-01-2023,11.24,76.69,313.1728773,97,35.7449767
31-01-2023,11.24,76.69,372.597991,96,28.94888233
15-02-2023,11.24,76.69,381.778533,85,0.730449855
03-02-2023,11.24,76.69,321.3511366,88,18.01877462
17-03-2023,11.24,76.69,350.5852693,65,30.24197147
04-01-2023,11.24,76.69,384.0703028,71,19.3725648
16-04-2023,11.24,76.69,373.2801545,70,43.17399475
14-08-2023,11.24,76.69,354.2237205,70,15.44011377
28-09-2023,11.24,76.69,359.034769,57,14.67673962
13-10-2023,11.24,76.69,350.8360547,98,13.29988465
27-12-2023,11.24,76.69,329.7548451,65,16.63904345
01-01-2023,14.48,77.59,356.5021993,80,27.87024822
16-01-2023,14.48,77.59,368.8885302,91,35.35076471
31-01-2023,14.48,77.59,387.3322916,59,33.12839589
15-02-2023,14.48,77.59,363.6291354,81,40.385891
03-02-2023,14.48,77.59,376.1121537,83,44.29569977
17-03-2023,14.48,77.59,316.0071635,58,40.80395212
04-01-2023,14.48,77.59,346.1557474,66,0.947270169
16-04-2023,14.48,77.59,300.933162,60,36.79589768
05-01-2023,14.48,77.59,324.6678865,81,10.41997868
16-05-2023,14.48,77.59,372.6461715,59,6.646402135
31-05-2023,14.48,77.59,399.1809951,71,31.92443924
15-06-2023,14.48,77.59,309.91781,66,15.98715977
14-08-2023,14.48,77.59,340.1494316,53,2.855858169
13-10-2023,14.48,77.59,380.0070969,97,6.88148672
28-10-2023,14.48,77.59,320.4035635,96,0.046470843
27-12-2023,14.48,77.59,355.5084949,74,45.16118137
